ID,ID2,KabKot, Long ,Lat,Y,X1,X2,X3,X4,X5
1,56,Agam,100.03,-0.31,13500,5577,61991.33333,2209,5070.739142,18218
7,133,Bangka Barat,105.16,-2.07,10600,4645.333333,30579.66667,562,1799.51219,13221
8,135,Bangka Selatan,106.45,-3.01,10000,4645.333333,30579.66667,562,1772.736169,8165
22,132,Belitung,107.65,-2.75,10300,4645.333333,30579.66667,562,1602.72996,8738
23,136,Belitung Timur,108.29,-2.85,11000,4645.333333,30579.66667,562,1093.976953,7152
25,111,Bengkulu Utara,102.12,-3.38,12000,4494.75,7562.333333,1228.79,2548.625051,6961
68,138,Karimun,103.43,0.99,13000,5654.785714,61991.33333,1193,1805.465979,11621
74,116,Kepahiang,102.58,-3.65,10500,4494.75,7562.333333,1228.79,1198.341034,3639
76,81,Kerinci,101.35,-1.96,10000,4577,11480,1931.97,1871.923087,9015
84,129,Kota Bandar Lampung,105.27,-5.41,10400,4645.333333,50167.66667,4213.78,7763.657642,50834
90,117,Kota Bengkulu,102.25,-3.79,10690.25,4500,7562.333333,1228.79,3090.680675,19245
95,66,Kota Bukittinggi,100.39,-0.31,13500,5654.785714,61991.33333,2209,1315.573693,7453
112,62,Kota Padang,100.36,-0.95,12112.5,5562.5,61991.33333,2209,9651.302614,53883
113,107,Kota Pagaralam,103.18,-4.03,10500,4645.1,30579.66667,3793.2,1138.623051,2545
116,68,Kota Pariaman,100.12,-0.63,13000,5654.785714,61991.33333,2209,903.8767621,4387
118,67,Kota Payahkumbuh,100.63,-0.22,13125,5654.785714,61991.33333,2209,1369.264121,5761
120,79,Kota Pekanbaru,101.44,0.51,13499,5654.785714,61991.33333,2848.74,8576.212772,101344
121,105,Kota Palembang,104.78,-3.03,10800,5100,30579.66667,3793.2,13632.84956,130416
123,64,Kota Sawahlunto,100.78,-0.69,12625,5654.785714,61991.33333,2209,641.1206629,3235
125,63,Kota Solok,100.66,-0.79,13500,5654.785714,61991.33333,2209,710.0005235,3548
128,65,Kota Padangpanjang,100.4,-0.46,13812.5,5654.785714,61991.33333,2209,545.4483297,3029
139,69,Kuantan Sengingi,101.57,-0.53,13875,5654.785714,61991.33333,2848.74,2605.357147,29517
146,118,Lampung Barat,104.08,-5.01,10000,4300,50167.66667,4213.78,2346.71047,6151
147,115,Lebong,102.2,-3.12,9375,4494.75,7562.333333,1228.79,973.9742965,2854
148,140,Lingga,104.62,-0.21,12000,5654.785714,61991.33333,1193,703.6932726,3672
164,113,Seluma,102.57,-4.08,10500,4500,7562.333333,1228.79,1674.477091,3841
165,114,Muko-Muko,101.14,-2.56,11300,5133.333333,7562.333333,1228.79,1558.177792,4327
167,141,Kep. Anambas,106.22,3.22,16000,5654.785714,61991.33333,1193,326.2212673,17258
170,101,Ogan Ilir,104.68,-3.25,10975,4916.666667,30579.66667,3793.2,3505.678785,9514
171,93,Ogan Komering Ilir (OKI),104.82,-3,10000,4645.1,30579.66667,3793.2,6780.107259,25196
172,100,OKU Timur,104.36,-4.31,9812.5,4700,30579.66667,3793.2,5534.929149,12743
185,51,Pesisir Selatan,100.58,-1.35,13000,5700,61991.33333,2209,4786.99209,12522
195,110,Rejang Lebong,102.53,-3.47,10625,4494.75,7562.333333,1228.79,2337.627005,7936
197,77,Rokan Hilir,100.81,2.14,13500,5654.785714,61991.33333,2848.74,5426.822865,74552
211,52,Solok,100.64,-0.91,11500,6672.75,61991.33333,2209,3862.86275,11949
228,54,Tanah Datar,100.58,-0.47,13000,6375,61991.33333,2209,3646.62429,11620
231,86,Tanjab Timur,103.8,-1.24,11375,4208.5,11480,1931.97,1719.376836,21041
243,127,Mesuji,105.66,-4.15,9000,4800,50167.66667,4213.78,1570.049739,8957
256,31,Dairi,98.3,2.76,11500,5000,58464.33333,4238.7,2764.393048,8045
257,32,Karo,98.49,3.1,12100,5325,58464.33333,4238.7,3907.033798,18061
258,48,Kota Binjai,98.49,3.61,10500,4802.555556,58464.33333,4238.7,2639.191982,9858
259,47,Kota Medan,98.69,3.59,12000,4802.555556,58464.33333,4238.7,21962.72398,204300
260,45,Kota P. Siantar,99.07,2.96,12000,4712.5,58464.33333,4238.7,2457.966172,12444
262,44,Kota Tanjung Balai,99.8,2.97,11187.5,4802.555556,58464.33333,4238.7,1665.709113,7425
263,46,Kota Tebing Tinggi,99.13,3.31,11000,4783.222222,58464.33333,4238.7,1565.40246,5123
264,28,Labuhan Batu,99.83,2.09,12000,4802.555556,58464.33333,4238.7,4635.178139,29031
265,34,Langkat,98.46,3.76,12750,4775,58464.33333,4238.7,10060.29826,37023
266,50,Kota Gunung Sitoli,97.62,1.28,12000,4802.555556,58464.33333,4238.7,1356.464745,4504
268,36,Pakpak Barat,98.32,2.55,11000,5062.5,58464.33333,4238.7,457.0247757,996
269,30,Simalunggun,98.85,2.97,10820,4712.5,58464.33333,4238.7,8417.887643,32860
270,25,Tapanuli Tengah,98.4,2.01,11000,4775,58464.33333,4238.7,3516.131421,8555
271,27,Toba Samosir,99.07,2.33,10500,4900,58464.33333,4238.7,1780.083523,6656
272,88,Tebo,102.44,-1.49,12000,4280.057692,11480,1931.97,2745.486144,12996
273,89,Bungo,102.13,-1.49,11950,4212.5,11480,1931.97,2890.506633,16009
274,84,Batanghari,103.25,-1.72,11500,4000,11480,1931.97,2125.209062,14709
275,90,Kota Jambi,103.61,-1.59,10636.5,4280.057692,11480,1931.97,4708.348146,26294
277,11,Aceh Barat Daya,96.83,3.74,12875,5131.25,60768.66667,3454.75,1575.755369,3395
278,7,Aceh Besar,95.35,5.51,10000,5093.75,60768.66667,3454.75,4408.150137,11633
279,15,Aceh Jaya,95.79,4.47,11375,4950,60768.66667,3454.75,963.4283031,2278
280,13,Aceh Tamiang,98.6,4.29,11500,5450,60768.66667,3454.75,3110.795222,6517
281,5,Aceh tengah,96.85,4.62,11500,5100,60768.66667,3454.75,2203.585778,6722
282,3,Aceh Tenggara,97.82,3.49,10700,5000,60768.66667,3454.75,2248.182628,4262
283,4,Aceh Timur,97.89,4.81,10000,5125,60768.66667,3454.75,4522.127195,9088
284,18,Kota Banda Aceh,95.32,5.56,10500,5053.125,60768.66667,3454.75,2802.740501,16808
285,16,Bener Meriah,96.92,4.75,11500,5000,60768.66667,3454.75,1538.129526,3998
286,12,Gayo Lues,97.34,4,12667,5374.25,60768.66667,3454.75,984.0774363,2439
287,20,Kota Langsa,97.96,4.46,10000,5100.78125,60768.66667,3454.75,1856.222936,4543
288,21,Kota Lhoksuemawe,97.14,5.19,12000,5123.4375,60768.66667,3454.75,2146.124452,8071
289,19,Kota Sabang,95.32,5.89,11500,5040.625,60768.66667,3454.75,369.6832577,1273
290,14,Nagan Raya,96.3,4.12,11666.66667,4812.5,60768.66667,3454.75,1739.705969,6571
291,9,Bireun,96.71,5.2,10500,5400,60768.66667,3454.75,4877.802467,11408
292,10,Aceh Utara,97.32,5.04,11025,5425,60768.66667,3454.75,6525.609898,17569
293,6,Aceh Barat,96.13,4.14,11333,4966.5,60768.66667,3454.75,2176.196539,6943
295,23,Mandailing Natal,99.56,0.85,11000,4837.5,58464.33333,4238.7,4288.33109,11713
296,55,Padang Pariaman,100.12,-0.54,12250,5616.666667,61991.33333,2209,4310.107174,19205
298,98,Banyuasin,104.39,-2.89,10750,4645.1,30579.66667,3793.2,6984.295836,24565
299,97,Musi Banyuasin,103.83,-2.88,10500,4645.1,30579.66667,3793.2,5282.485019,58185
305,92,Ogan Komering Ulu (OKU),104.16,-4.11,11150,4000,30579.66667,3793.2,3006.254041,12389
306,99,OKU Selatan,104.07,-4.53,8875,4645.1,30579.66667,3793.2,2958.799035,7598
308,134,Bangka Tengah,106.41,-2.49,12000,4645.333333,30579.66667,562,1656.746923,7972
309,131,Bangka,106.12,-1.85,9800,4645.333333,30579.66667,562,2848.012955,12808
310,137,Kota Pangkal Pinang,106.11,-2.12,10010,4645.333333,30579.66667,562,1795.28485,12114
311,122,Lampung Utara,104.88,-4.82,10000,4645.333333,50167.66667,4213.78,4870.8134,20626
312,123,Way Kanan,104.55,-4.72,10825,4650,50167.66667,4213.78,3459.577228,12161
313,80,Kota Dumai,101.45,1.68,13500,5654.785714,61991.33333,2848.74,2392.07572,30304
337,37,Samosir,98.79,2.6,10450,5010,58464.33333,4238.7,1226.45621,3751
338,38,Serdang Bedagai,98.96,3.57,11500,4800,58464.33333,4238.7,6018.261286,24095
339,33,Deli Serdang,98.86,3.56,11000,4850,58464.33333,4238.7,20417.17204,93194
345,53,Sijunjung,100.98,-0.7,13375,5000,61991.33333,2209,2387.061632,7980
346,59,Solok Selatan,101.25,-1.55,11750,5654.785714,61991.33333,2209,1716.40596,4991
347,60,Dharmasraya,101.5,-0.96,11125,4800,61991.33333,2209,2418.811767,9282
351,35,Humbang Hasundutan,98.75,2.26,10250,4400,58464.33333,4238.7,1821.666158,5125
352,26,Tapanuli Utara,98.96,2.03,11300,4600,58464.33333,4238.7,2912.193158,6766
360,85,Muaro Jambi,103.5,-1.49,10000,4500,11480,1931.97,3403.163744,21283
361,72,Palelawan,101.79,0.32,12875,5654.785714,61991.33333,2848.74,3421.238297,43862
362,73,Siak,102.05,0.78,12348,5654.785714,61991.33333,2848.74,3712.589888,79613
363,74,Kampar,101.03,0.34,12500,5654.785714,61991.33333,2848.74,6659.785691,71590
364,75,Rokan Hulu,100.29,0.88,12222,5654.785714,61991.33333,2848.74,5051.705848,31038
365,2,Aceh Selatan,97.18,3.26,13000,5300,60768.66667,3454.75,2513.553678,4856
370,83,Sarolangun,102.72,-2.3,11000,3850,11480,1931.97,2330.034168,13476
371,82,Merangin,102.27,-2.07,11062.5,4000,11480,1931.97,3018.806705,13564
378,126,Pringsewu,104.98,-5.35,10000,4975,50167.66667,4213.78,3095.951375,9906
379,109,Bengkulu Selatan,102.91,-4.45,10000,4500,7562.333333,1228.79,1375.247531,4863
380,112,Kaur,103.35,-4.79,11250,4494.75,7562.333333,1228.79,1043.016612,2960
381,142,Kota Batam,103.97,1.05,12750,5654.785714,61991.33333,1193,10108.32187,137468
382,106,Kota Prabumulih,104.24,-3.43,10625,4645.1,30579.66667,3793.2,1534.199734,6587
383,94,Muara Enim,103.8,-3.66,10000,4000,30579.66667,3793.2,5188.367298,47105
384,49,Kota Padangsidempuan,99.27,1.38,10250,4712.5,58464.33333,4238.7,2097.524232,5373
385,130,Kota Metro,105.31,-5.11,10000,4950,50167.66667,4213.78,1260.617035,5485
387,121,Lampung Tengah,105.2,-5.04,10362.5,4300,50167.66667,4213.78,9917.241375,61294
388,139,Bintan,104.5,1.09,12250,5654.785714,61991.33333,1193,1231.349004,18994
389,143,Kota Tanjung Pinang,104.51,0.92,13500,5654.785714,61991.33333,1193,1631.082704,18105
391,103,Penukal Abab ,103.8,-3.3,11666.66667,4000,30579.66667,3793.2,1547.891535,5884
393,57,Lima Puluh Kota,100.66,-0.15,13500,5475,61991.33333,2209,3929.949414,13772
405,8,Aceh Pidie,95.95,5.38,11000,5578.25,60768.66667,3454.75,4683.702814,9188
406,17,Pidie Jaya,96.32,5.2,10500,5400,60768.66667,3454.75,1665.476843,3013
407,95,Lahat,103.55,-3.78,10000,4645.1,30579.66667,3793.2,3347.476172,15053
408,102,Empat Lawang,103.09,-3.59,10666.66667,4784,30579.66667,3793.2,2042.991683,4439
411,29,Asahan ,99.62,2.98,10500,4802.555556,58464.33333,4238.7,7020.914063,32023
412,39,Batu Bara,99.42,3.17,11000,4775,58464.33333,4238.7,3989.686796,29962
415,1,Aceh Singkil,97.96,2.4,11044,5195,60768.66667,3454.75,1283.280958,2149
416,22,Kota Subulusalam,98.01,2.65,13162.5,5148.632813,60768.66667,3454.75,847.560057,1540
419,120,Lampung Selatan,105.59,-5.73,10500,4525,50167.66667,4213.78,7773.371356,38567
421,70,Indragiri Hulu,102.55,-0.37,12500,5654.785714,61991.33333,2848.74,3423.164033,38378
426,24,Tapanuli Selatan,99.07,1.48,11000,5200,58464.33333,4238.7,2727.736099,11983
427,40,Padang Lawas Utara,99.63,1.51,10375,4800,58464.33333,4238.7,2539.752249,9903
428,41,Padang Lawas ,99.73,1.05,11000,4525,58464.33333,4238.7,2598.63389,9694
444,76,Bengkalis,102.1,1.47,13750,5654.785714,61991.33333,2848.74,4520.833651,133036
445,78,Kepulauan Meranti,102.72,1.02,12500,5654.785714,61991.33333,2848.74,1492.666787,16731
450,104,Musi Rawas Utara,102.71,-2.79,11000,5500,30579.66667,3793.2,1569.910658,6409
464,108,Kota Lubuklinggau,102.86,-3.29,10708.25,4562.5,30579.66667,3793.2,1897.28418,5633
465,96,Musi Rawas,103.3,-3.26,10000,4600,30579.66667,3793.2,3303.190335,15928
471,87,Tanjab Barat,103.46,-0.82,11000,4280.057692,11480,1931.97,2584.760744,35678
472,71,Indragiri Ilir,103.15,-0.32,13000,5654.785714,61991.33333,2848.74,5843.044106,61077
500,128,Pesisir Barat,103.97,-5.18,10175,4300,50167.66667,4213.78,1199.360836,3965
501,124,Tulangbawang,105.26,-4.49,11000,4300,50167.66667,4213.78,3424.124597,19898
502,42,Labuhan Batu Selatan,100.06,1.9,11500,4802.555556,58464.33333,4238.7,3156.191901,23196
503,43,Labuhan Batu Utara,99.66,2.56,12500,4802.555556,58464.33333,4238.7,3492.163037,21162
504,119,Tanggamus,104.63,-5.5,10000,4645,50167.66667,4213.78,4583.483032,13470
505,91,Kota Sungai Penuh,101.4,-2.06,12000,4280.057692,11480,1931.97,708.0513985,6384
510,61,Pasaman Barat,99.59,0.32,11000,5612.5,61991.33333,2209,4417.488029,14068
512,58,Pasaman,100.19,0.11,12000,5262.5,61991.33333,2209,2877.553748,8050
