No,Event ID,Date time,Latitude,Longitude,Magnitude,Mag Type,Depth (km),Phase Coun,Azimuth Ga,Location,Agency,lat,long
1,bmg2024ccoi,2024/01/30 20:34:33.923,-3.258631468000000,122.350036599999996,3.110292038000000,MLv,5,30,120.615006399999999,"Sulawesi, Indonesia",BMKG,-3.259,122.350
2,bmg2024ccog,2024/01/30 20:32:13.062,-1.354332089000000,120.399917599999995,2.179322035000000,MLv,5,30,60.259877199999998,"Sulawesi, Indonesia",BMKG,-1.354,120.400
3,bmg2024cbgw,2024/01/30 03:40:31.557,-0.087650261820000,123.350898700000002,3.456106865000000,MLv,127,33,80.170700069999995,"Minahassa Peninsula, Sulawesi",BMKG,-0.088,123.351
4,bmg2024cbfe,2024/01/30 02:49:40.824,-1.624863029000000,120.364135700000006,3.225944211000000,MLv,10,36,46.099894519999999,"Sulawesi, Indonesia",BMKG,-1.625,120.364
5,bmg2024cbeb,2024/01/30 02:15:54.412,-1.099797726000000,120.334159900000003,2.710462222000000,MLv,10,19,85.111289979999995,"Sulawesi, Indonesia",BMKG,-1.100,120.334
6,bmg2024cbcy,2024/01/30 01:41:11.911,-0.198429912300000,121.493949900000004,3.096624709000000,MLv,10,26,66.569541930000000,"Minahassa Peninsula, Sulawesi",BMKG,-0.198,121.494
7,bmg2024cagi,2024/01/29 14:15:57.598,1.215138555000000,120.985282900000001,3.440599404000000,MLv,10,44,135.834648100000010,"Minahassa Peninsula, Sulawesi",BMKG,1.215,120.985
8,bmg2024bzmh,2024/01/29 04:08:31.525,-4.092059135000001,122.345062299999995,2.459725954000000,MLv,31,8,93.993782039999999,"Sulawesi, Indonesia",BMKG,-4.092,122.345
9,bmg2024bzkb,2024/01/29 03:01:10.089,-1.541296959000000,120.110649100000003,3.098862131000000,MLv,10,34,67.163040159999994,"Sulawesi, Indonesia",BMKG,-1.541,120.111
10,bmg2024bzhi,2024/01/29 01:38:08.212,0.190367847700000,122.510215799999997,2.886910239000000,MLv,139,29,57.537010189999997,"Minahassa Peninsula, Sulawesi",BMKG,0.190,122.510
11,bmg2024bzaa,2024/01/28 21:56:22.619,-2.514270306000000,121.272064200000003,2.860982129000000,MLv,10,28,57.201599119999997,"Sulawesi, Indonesia",BMKG,-2.514,121.272
12,bmg2024byzr,2024/01/28 21:46:41.015,-1.438977480000000,121.219695999999999,2.658607570000000,M,10,25,92.548717499999995,"Sulawesi, Indonesia",BMKG,-1.439,121.220
13,bmg2024bxxu,2024/01/28 07:41:13.332,1.619527102000000,123.574920700000007,4.263983668000000,MLv,5,47,91.678655620000001,"Minahassa Peninsula, Sulawesi",BMKG,1.620,123.575
14,bmg2024bxlm,2024/01/28 01:27:43.684,-0.192854538600000,122.939338699999993,3.182660129000000,MLv,87,40,59.381011960000002,"Minahassa Peninsula, Sulawesi",BMKG,-0.193,122.939
15,bmg2024bxca,2024/01/27 20:41:07.923,-2.430203199000000,121.009994500000005,2.758725607000000,MLv,3,44,45.918792719999999,"Sulawesi, Indonesia",BMKG,-2.430,121.010
16,bmg2024bxan,2024/01/27 19:55:05.299,-0.112616196274757,123.078422546387003,3.132757439242270,M,132,44,81.652393341064496,"Minahassa Peninsula, Sulawesi",BMKG,-0.113,123.078
17,bmg2024bwyu,2024/01/27 19:03:05.314,0.239960521459579,122.101524353027003,2.627162264647620,MLv,171,33,53.876956939697301,"Minahassa Peninsula, Sulawesi",BMKG,0.240,122.102
18,bmg2024bwyd,2024/01/27 18:42:54.375,-0.526004374027252,123.455673217772997,3.375316899173000,MLv,10,51,78.248359680175795,"Minahassa Peninsula, Sulawesi",BMKG,-0.526,123.456
19,bmg2024bwmz,2024/01/27 13:05:27.966,-0.604492902755737,123.317962646484006,2.797921070823640,MLv,10,24,97.281749725341797,"Minahassa Peninsula, Sulawesi",BMKG,-0.604,123.318
20,bmg2024bvqq,2024/01/27 01:47:26.769,-6.349049568000000,120.260452299999997,4.743000650000000,MLv,10,58,79.663246150000006,Flores Sea,BMKG,-6.349,120.260
21,bmg2024bvna,2024/01/26 23:57:39.526,-6.353785514831540,120.262802124022997,4.128852715920630,MLv,10,81,69.286949157714801,Flores Sea,BMKG,-6.354,120.263
22,bmg2024bvkd,2024/01/26 22:31:06.308,-0.354635655879974,122.039848327637003,3.782177034666630,MLv,10,76,41.303474426269503,"Minahassa Peninsula, Sulawesi",BMKG,-0.355,122.040
23,bmg2024buzc,2024/01/26 16:55:47.105,-0.122266724705696,122.944061279297003,3.004129712997180,MLv,121,36,56.808021545410199,"Minahassa Peninsula, Sulawesi",BMKG,-0.122,122.944
24,bmg2024buyz,2024/01/26 16:52:47.169,-0.459475755691528,121.853500366210994,3.863011833524250,MLv,13,80,39.834267616272001,"Minahassa Peninsula, Sulawesi",BMKG,-0.459,121.854
25,bmg2024btxg,2024/01/26 02:52:01.659,-0.069955073300000,123.445922899999999,3.247075050000000,MLv,124,26,84.973434449999999,"Minahassa Peninsula, Sulawesi",BMKG,-0.070,123.446
26,bmg2024bsug,2024/01/25 12:12:40.401,-0.680007696200000,122.195342999999994,2.856182396000000,MLv,6,26,50.230560300000000,"Minahassa Peninsula, Sulawesi",BMKG,-0.680,122.195
27,bmg2024bsts,2024/01/25 11:56:04.861,-0.728319525700000,122.208725000000001,3.362796537000000,MLv,7,35,52.146911619999997,"Minahassa Peninsula, Sulawesi",BMKG,-0.728,122.209
28,bmg2024bssx,2024/01/25 11:32:22.709,-0.625859975800000,122.255020099999996,4.763626432000000,MLv,3,101,35.448120119999999,"Minahassa Peninsula, Sulawesi",BMKG,-0.626,122.255
29,bmg2024bssk,2024/01/25 11:17:14.754,-0.621190726800000,122.265594500000006,3.015943681000000,MLv,10,21,88.310863490000003,"Minahassa Peninsula, Sulawesi",BMKG,-0.621,122.266
30,bmg2024bssc,2024/01/25 11:07:42.516,-0.585814476000000,122.297637899999998,4.073450105000000,MLv,10,46,43.962127690000003,"Minahassa Peninsula, Sulawesi",BMKG,-0.586,122.298
31,bmg2024bsck,2024/01/25 03:11:43.960,-3.367552280000000,119.799484300000003,2.594074956000000,M,10,27,77.064865110000000,"Sulawesi, Indonesia",BMKG,-3.368,119.799
32,bmg2024brzi,2024/01/25 01:38:09.958,1.408066034000000,121.339172399999995,2.882393969000000,M,10,13,229.974342299999989,"Minahassa Peninsula, Sulawesi",BMKG,1.408,121.339
33,bmg2024brsm,2024/01/24 22:10:48.252,2.131122828000000,124.899040200000002,4.336270993000001,MLv,229,43,122.559300399999998,Celebes Sea,BMKG,2.131,124.899
34,bmg2024brqr,2024/01/24 21:16:39.903,-1.064079046000000,120.354774500000005,2.479344913000000,M,10,24,57.380982160000002,"Sulawesi, Indonesia",BMKG,-1.064,120.355
35,bmg2024brqm,2024/01/24 21:10:56.956,-0.122366085600000,123.420959499999995,2.754864140000000,MLv,133,24,97.810112000000004,"Minahassa Peninsula, Sulawesi",BMKG,-0.122,123.421
36,bmg2024brma,2024/01/24 18:55:45.348,-0.325244516100000,119.840408300000007,2.255187203000000,M,10,23,119.520813000000004,"Minahassa Peninsula, Sulawesi",BMKG,-0.325,119.840
37,bmg2024bpzq,2024/01/23 23:32:02.262,-1.084122300148010,121.498283386230000,3.760054245060710,M,10,70,47.335227966308601,"Sulawesi, Indonesia",BMKG,-1.084,121.498
38,bmg2024bpoa,2024/01/23 17:39:05.895,-2.436115741729740,121.220367431640994,3.163893244450780,MLv,10,18,69.316680908203097,"Sulawesi, Indonesia",BMKG,-2.436,121.220
39,bmg2024bplk,2024/01/23 16:20:07.568,-1.072674393653870,121.482963562012003,2.592816968665120,M,10,28,76.850952148437500,"Sulawesi, Indonesia",BMKG,-1.073,121.483
40,bmg2024bpfv,2024/01/23 13:31:42.580,0.351480841636658,122.232475280762003,2.545281520874630,M,112,24,74.370866775512681,"Minahassa Peninsula, Sulawesi",BMKG,0.351,122.232
41,bmg2024bnzz,2024/01/22 21:25:12.124,-0.761624991900000,124.492462200000006,4.168463999000000,MLv,10,44,57.027389530000001,Southern Molucca Sea,BMKG,-0.762,124.492
42,bmg2024bnvr,2024/01/22 19:15:33.667,-2.440437555000000,120.860282900000001,2.938378107000000,M,10,12,98.394500730000004,"Sulawesi, Indonesia",BMKG,-2.440,120.860
43,bmg2024bnjq,2024/01/22 13:09:55.628,-4.642502785000000,121.293937700000001,2.916941756000000,M,3,24,139.379707300000007,"Sulawesi, Indonesia",BMKG,-4.643,121.294
44,bmg2024bmdf,2024/01/21 20:47:19.555,-1.083834410000000,121.501014699999999,3.258328158000000,MLv,8,42,47.342819210000002,"Sulawesi, Indonesia",BMKG,-1.084,121.501
45,bmg2024bmdd,2024/01/21 20:44:42.505,-1.094337225000000,121.491287200000002,2.654216667000000,MLv,10,34,56.873321529999998,"Sulawesi, Indonesia",BMKG,-1.094,121.491
46,bmg2024bmag,2024/01/21 19:18:00.921,-2.440272808000000,120.993789699999994,2.784889808000000,MLv,2,36,54.634906770000001,"Sulawesi, Indonesia",BMKG,-2.440,120.994
47,bmg2024blhz,2024/01/21 10:03:17.911,0.153249695900000,122.882011399999996,3.803084696000000,M,227,56,29.383941650000001,"Minahassa Peninsula, Sulawesi",BMKG,0.153,122.882
48,bmg2024blht,2024/01/21 09:56:31.629,0.214416250600000,122.537673999999996,3.250548917000000,MLv,127,28,68.229148859999995,"Minahassa Peninsula, Sulawesi",BMKG,0.214,122.538
49,bmg2024bkfd,2024/01/20 19:29:43.333,-1.050153255000000,121.482383700000000,3.504281546000000,MLv,10,62,49.375885009999998,"Sulawesi, Indonesia",BMKG,-1.050,121.482
50,bmg2024bjre,2024/01/20 12:26:00.714,0.475067973100000,122.515106200000005,2.506157927000000,MLv,12,7,107.674598700000004,"Minahassa Peninsula, Sulawesi",BMKG,0.475,122.515
51,bmg2024bipx,2024/01/19 22:39:51.317,0.165749117700000,122.927215599999997,4.066626181000000,MLv,24,75,29.757080080000001,"Minahassa Peninsula, Sulawesi",BMKG,0.166,122.927
52,bmg2024binc,2024/01/19 21:14:30.277,-2.502441406000000,121.699195900000007,2.550762446000000,M,25,20,62.272712710000000,"Sulawesi, Indonesia",BMKG,-2.502,121.699
53,bmg2024biae,2024/01/19 14:43:02.560,-0.375868201300000,123.222015400000004,3.162298569000000,MLv,26,29,91.827106479999998,"Minahassa Peninsula, Sulawesi",BMKG,-0.376,123.222
54,bmg2024bhvm,2024/01/19 12:20:35.447,-3.690580368000000,118.825706499999995,3.393094070000000,M,12,25,158.896102899999988,"Sulawesi, Indonesia",BMKG,-3.691,118.826
55,bmg2024bhgq,2024/01/19 04:50:10.559,-1.119884133000000,121.494895900000003,2.460011818000000,MLv,10,22,105.992069200000003,"Sulawesi, Indonesia",BMKG,-1.120,121.495
56,bmg2024bhcs,2024/01/19 02:51:37.196,-1.050004363000000,121.496360800000005,4.190778394000000,MLv,10,94,37.972633360000003,"Sulawesi, Indonesia",BMKG,-1.050,121.496
57,bmg2024bhac,2024/01/19 01:32:20.861,-0.086162619290000,123.445838899999998,4.361613162000001,MLv,100,116,72.675689700000007,"Minahassa Peninsula, Sulawesi",BMKG,-0.086,123.446
58,bmg2024bgxe,2024/01/19 00:04:05.168,-0.253617346300000,125.223052999999993,3.930165186000000,MLv,10,50,60.668731690000001,Southern Molucca Sea,BMKG,-0.254,125.223
59,bmg2024bgtb,2024/01/18 21:58:32.950,-1.315713763000000,121.502792400000004,2.549071878000000,M,10,19,73.445981979999999,"Sulawesi, Indonesia",BMKG,-1.316,121.503
60,bmg2024bgsi,2024/01/18 21:37:08.492,-0.673446655300000,121.935317999999995,2.888892198000000,MLv,10,27,87.505249019999994,"Minahassa Peninsula, Sulawesi",BMKG,-0.673,121.935
61,bmg2024bgsa,2024/01/18 21:27:19.686,-2.368274450000000,121.205268899999993,2.564017901000000,MLv,10,13,58.887588500000000,"Sulawesi, Indonesia",BMKG,-2.368,121.205
62,bmg2024bgrm,2024/01/18 21:10:26.387,-1.082019329000000,121.477706900000001,1.671099642000000,MLv,10,13,140.488204999999994,"Sulawesi, Indonesia",BMKG,-1.082,121.478
63,bmg2024bgrg,2024/01/18 21:04:19.429,-1.118365884000000,121.488960300000002,2.209384163000000,MLv,10,17,99.372890470000002,"Sulawesi, Indonesia",BMKG,-1.118,121.489
64,bmg2024bgre,2024/01/18 21:01:44.473,-1.101552486000000,121.483291600000001,2.617894377000000,MLv,10,22,113.752260199999995,"Sulawesi, Indonesia",BMKG,-1.102,121.483
65,bmg2024bgrd,2024/01/18 21:00:28.875,-1.100924492000000,121.485542300000006,2.661489333000000,MLv,10,24,66.642150880000003,"Sulawesi, Indonesia",BMKG,-1.101,121.486
66,bmg2024bgqu,2024/01/18 20:49:27.674,-1.143843055000000,121.531700099999995,2.195091083000000,M,10,9,150.275138900000002,"Sulawesi, Indonesia",BMKG,-1.144,121.532
67,bmg2024bgqs,2024/01/18 20:47:57.786,-1.113415122000000,121.497306800000004,1.972144889000000,MLv,10,13,121.349575000000002,"Sulawesi, Indonesia",BMKG,-1.113,121.497
68,bmg2024bgqp,2024/01/18 20:44:29.410,-1.129351258000000,121.526321400000000,1.932001598000000,MLv,10,16,118.289800600000007,"Sulawesi, Indonesia",BMKG,-1.129,121.526
69,bmg2024bgql,2024/01/18 20:39:12.960,-2.370585680000000,121.182777400000006,3.269521591000000,MLv,10,44,49.773254389999998,"Sulawesi, Indonesia",BMKG,-2.371,121.183
70,bmg2024bgpo,2024/01/18 20:12:42.612,-1.074503064000000,121.482223500000003,2.404757424000000,MLv,10,21,92.047403340000002,"Sulawesi, Indonesia",BMKG,-1.075,121.482
71,bmg2024bgpg,2024/01/18 20:03:47.352,-3.824132442000000,121.893272400000001,2.439096063000000,MLv,10,12,79.651718140000000,"Sulawesi, Indonesia",BMKG,-3.824,121.893
72,bmg2024bgpb,2024/01/18 19:57:37.957,-1.105535984000000,121.510681199999993,2.945672185000000,MLv,10,18,65.970855709999995,"Sulawesi, Indonesia",BMKG,-1.106,121.511
73,bmg2024bgox,2024/01/18 19:52:57.252,-1.123824954000000,121.502922100000006,2.084321770000000,MLv,10,17,120.249841700000005,"Sulawesi, Indonesia",BMKG,-1.124,121.503
74,bmg2024bgou,2024/01/18 19:49:25.025,-1.108217239000000,121.476928700000002,1.780769614000000,MLv,10,13,113.515451400000003,"Sulawesi, Indonesia",BMKG,-1.108,121.477
75,bmg2024bgom,2024/01/18 19:39:46.152,-1.098015904000000,121.506500200000005,2.381443647000000,MLv,10,23,90.347153660000004,"Sulawesi, Indonesia",BMKG,-1.098,121.507
76,bmg2024bgob,2024/01/18 19:27:13.736,-1.100253940000000,121.504394500000004,2.407201226000000,MLv,10,27,90.292423249999999,"Sulawesi, Indonesia",BMKG,-1.100,121.504
77,bmg2024bgny,2024/01/18 19:23:48.607,-1.086803555000000,121.497612000000004,2.470898521000000,MLv,10,21,104.160827600000005,"Sulawesi, Indonesia",BMKG,-1.087,121.498
78,bmg2024bgnq,2024/01/18 19:13:54.454,-1.069010019000000,121.503387500000002,3.689634793000000,MLv,10,62,46.619522089999997,"Sulawesi, Indonesia",BMKG,-1.069,121.503
79,bmg2024bgnm,2024/01/18 19:10:18.513,-1.054202199000000,121.502815200000001,2.927993558000000,MLv,10,39,68.507476810000000,"Sulawesi, Indonesia",BMKG,-1.054,121.503
80,bmg2024bgnd,2024/01/18 18:59:08.930,-1.078082085000000,121.508926399999993,2.210766855000000,MLv,10,19,114.311142000000004,"Sulawesi, Indonesia",BMKG,-1.078,121.509
81,bmg2024bgls,2024/01/18 18:16:12.119,-1.051297069000000,121.473434400000002,3.889974623000000,MLv,10,54,56.462371830000002,"Sulawesi, Indonesia",BMKG,-1.051,121.473
82,bmg2024bglr,2024/01/18 18:14:50.572,-1.113031983000000,121.504745499999999,2.514559417000000,MLv,10,19,111.435565900000000,"Sulawesi, Indonesia",BMKG,-1.113,121.505
83,bmg2024bglh,2024/01/18 18:03:00.881,-1.102617264000000,121.475479100000001,4.769209552000000,MLv,10,51,35.317070010000002,"Sulawesi, Indonesia",BMKG,-1.103,121.475
84,bmg2024bglb,2024/01/18 17:56:16.059,-1.096685290000000,121.475936899999994,2.599768530000000,M,10,11,101.142646799999994,"Sulawesi, Indonesia",BMKG,-1.097,121.476
85,bmg2024bgku,2024/01/18 17:48:25.128,-1.092921615000000,121.506812999999994,3.281185331000000,MLv,10,37,46.741409300000001,"Sulawesi, Indonesia",BMKG,-1.093,121.507
86,bmg2024bgkk,2024/01/18 17:36:18.613,-1.119667172000000,121.516815199999996,4.993473300000000,Mw(mB),10,207,31.807746890000001,"Sulawesi, Indonesia",BMKG,-1.120,121.517
87,bmg2024bghs,2024/01/18 16:14:59.675,-1.100901723000000,121.503585799999996,2.968282028000000,MLv,10,19,76.291542050000004,"Sulawesi, Indonesia",BMKG,-1.101,121.504
88,bmg2024bghr,2024/01/18 16:13:55.851,-1.090510368000000,121.498069799999996,3.336828301000000,MLv,10,55,47.654174800000000,"Sulawesi, Indonesia",BMKG,-1.091,121.498
89,bmg2024bghp,2024/01/18 16:11:21.213,-1.095477581000000,121.483192399999993,3.839805284000000,MLv,10,83,34.836936950000002,"Sulawesi, Indonesia",BMKG,-1.095,121.483
90,bmg2024bghl,2024/01/18 16:06:40.356,-1.098144531000000,121.493957499999993,4.529767089000000,MLv,10,118,31.577301030000001,"Sulawesi, Indonesia",BMKG,-1.098,121.494
91,bmg2024bghj,2024/01/18 16:04:19.388,-1.113484144000000,119.805885300000000,2.727671734000000,MLv,35,32,54.857147220000002,"Sulawesi, Indonesia",BMKG,-1.113,119.806
92,bmg2024bggw,2024/01/18 15:49:12.593,1.340712786000000,121.337463400000004,3.069934433000000,MLv,10,39,151.860794099999993,"Minahassa Peninsula, Sulawesi",BMKG,1.341,121.337
93,bmg2024bfrj,2024/01/18 07:59:21.412,-1.083722115000000,120.292007400000003,2.632099632000000,MLv,13,9,117.481704699999995,"Sulawesi, Indonesia",BMKG,-1.084,120.292
94,bmg2024benk,2024/01/17 16:51:37.714,0.257948756200000,122.393707300000003,4.155575064000000,MLv,133,68,45.755504610000003,"Minahassa Peninsula, Sulawesi",BMKG,0.258,122.394
95,bmg2024bdwp,2024/01/17 08:22:01.775,1.074020267000000,121.280662500000005,2.694264538000000,M,10,10,147.548221600000005,"Minahassa Peninsula, Sulawesi",BMKG,1.074,121.281
96,bmg2024bdbl,2024/01/16 21:40:14.816,-0.143309176000000,123.290786699999998,2.986959929000000,MLv,127,38,114.402217899999997,"Minahassa Peninsula, Sulawesi",BMKG,-0.143,123.291
97,bmg2024bczm,2024/01/16 20:40:54.344,-0.099300168450000,123.126113899999993,3.315014483000000,MLv,133,53,63.108112339999998,"Minahassa Peninsula, Sulawesi",BMKG,-0.099,123.126
98,bmg2024bcnt,2024/01/16 14:45:04.885,-2.131727219000000,121.071449299999998,2.775319098000000,MLv,10,14,86.886058809999994,"Sulawesi, Indonesia",BMKG,-2.132,121.071
99,bmg2024bbvd,2024/01/16 05:20:36.377,-0.159878507300000,122.819191000000004,2.707138560000000,MLv,124,22,84.202178959999998,"Minahassa Peninsula, Sulawesi",BMKG,-0.160,122.819
100,bmg2024bbtc,2024/01/16 04:19:09.996,1.150483727000000,125.395729099999997,2.870985241000000,MLv,33,12,240.347040800000002,Northern Molucca Sea,BMKG,1.150,125.396
101,bmg2024bbpk,2024/01/16 02:26:50.739,-1.103678584000000,121.485054000000005,3.147828850000000,MLv,10,48,48.191955569999998,"Sulawesi, Indonesia",BMKG,-1.104,121.485
102,bmg2024bbct,2024/01/15 20:03:36.905,-1.253869295000000,120.768554699999996,2.927190590000000,MLv,5,57,38.546585080000000,"Sulawesi, Indonesia",BMKG,-1.254,120.769
103,bmg2024baxr,2024/01/15 17:30:17.531,-0.239365577700000,122.873847999999995,3.294526969000000,MLv,79,53,57.968845369999997,"Minahassa Peninsula, Sulawesi",BMKG,-0.239,122.874
104,bmg2024batt,2024/01/15 15:30:48.959,-1.158177972000000,120.581611600000002,3.356901518000000,MLv,10,58,41.887433049999999,"Sulawesi, Indonesia",BMKG,-1.158,120.582
105,bmg2024baql,2024/01/15 13:50:14.635,-1.573093295000000,120.470260600000003,2.373342166000000,M,10,19,63.918518069999998,"Sulawesi, Indonesia",BMKG,-1.573,120.470
106,bmg2024bahc,2024/01/15 09:07:09.555,-3.974388599000000,122.398864700000004,2.584899806000000,MLv,10,17,124.142593399999996,"Sulawesi, Indonesia",BMKG,-3.974,122.399
107,bmg2024azgr,2024/01/14 19:45:18.813,-0.315806120600000,124.580078099999994,3.226493511000000,MLv,31,22,140.195394999999991,Southern Molucca Sea,BMKG,-0.316,124.580
108,bmg2024azga,2024/01/14 19:26:56.390,0.347441464700000,121.763641399999997,2.564668881000000,MLv,194,36,65.500778199999999,"Minahassa Peninsula, Sulawesi",BMKG,0.347,121.764
109,bmg2024ayou,2024/01/14 10:43:47.624,0.501338005100000,119.414299000000000,2.991997666000000,M,10,30,143.802307100000007,"Minahassa Peninsula, Sulawesi",BMKG,0.501,119.414
110,bmg2024ayah,2024/01/14 03:24:08.447,-0.128600537800000,122.914344799999995,3.218116609000000,MLv,120,29,56.986328120000003,"Minahassa Peninsula, Sulawesi",BMKG,-0.129,122.914
111,bmg2024axpw,2024/01/13 22:07:43.776,1.220367789000000,124.558952300000001,4.201915352000001,MLv,237,55,120.407211300000000,"Minahassa Peninsula, Sulawesi",BMKG,1.220,124.559
112,bmg2024axnu,2024/01/13 21:05:07.894,-4.310992241000000,121.825676000000001,2.116934783000000,MLv,11,12,150.911651599999999,"Sulawesi, Indonesia",BMKG,-4.311,121.826
113,bmg2024axfl,2024/01/13 16:52:59.284,1.043350577000000,119.879097000000002,2.964503377000000,MLv,10,34,165.663909899999993,Celebes Sea,BMKG,1.043,119.879
114,bmg2024axdx,2024/01/13 16:05:41.820,-1.918740034000000,122.543708800000005,3.457082349000000,MLv,10,81,69.942764280000006,"Sulawesi, Indonesia",BMKG,-1.919,122.544
115,bmg2024axdk,2024/01/13 15:51:13.715,-1.918727994000000,122.534408600000006,3.029349251000000,MLv,10,38,130.865806600000013,"Sulawesi, Indonesia",BMKG,-1.919,122.534
116,bmg2024axbd,2024/01/13 14:41:38.939,-0.077387556430000,123.125160199999996,2.701140893000000,MLv,117,31,98.159114840000001,"Minahassa Peninsula, Sulawesi",BMKG,-0.077,123.125
117,bmg2024awer,2024/01/13 03:20:39.495,-2.758819818000000,120.820472699999996,2.602330770000000,MLv,10,11,174.769378700000004,"Sulawesi, Indonesia",BMKG,-2.759,120.820
118,bmg2024awcv,2024/01/13 02:24:58.663,-2.387804031000000,120.957885700000006,4.240234688000000,MLv,2,71,45.202331540000003,"Sulawesi, Indonesia",BMKG,-2.388,120.958
119,bmg2024avjg,2024/01/12 16:32:12.577,2.015787363000000,121.913398700000002,3.344768186000000,MLv,20,16,253.136085500000007,Celebes Sea,BMKG,2.016,121.913
120,bmg2024avjd,2024/01/12 16:28:03.161,2.054706812000000,122.027313199999995,3.574179305000000,MLv,11,22,211.943954499999990,Celebes Sea,BMKG,2.055,122.027
121,bmg2024avfp,2024/01/12 14:40:49.179,-2.914448977000000,119.417350799999994,2.371903070000000,MLv,5,13,81.762746809999996,"Sulawesi, Indonesia",BMKG,-2.914,119.417
122,bmg2024avfn,2024/01/12 14:38:35.181,0.183803990500000,123.563476600000001,2.753875794000000,MLv,91,10,145.605339100000009,"Minahassa Peninsula, Sulawesi",BMKG,0.184,123.563
123,bmg2024aund,2024/01/12 05:21:08.544,1.130655527000000,123.114265399999994,1.968628207000000,MLv,86,4,284.114089999999976,"Minahassa Peninsula, Sulawesi",BMKG,1.131,123.114
124,bmg2024atdm,2024/01/11 11:20:52.061,-1.342071176000000,120.372840900000000,3.007160747000000,MLv,10,59,45.691909789999997,"Sulawesi, Indonesia",BMKG,-1.342,120.373
125,bmg2024aswb,2024/01/11 07:35:43.982,-1.180798054000000,121.214050299999997,3.359004703000000,MLv,10,74,54.096115110000000,"Sulawesi, Indonesia",BMKG,-1.181,121.214
126,bmg2024asou,2024/01/11 03:54:54.635,0.402723789200000,122.451263400000002,2.167461419000000,MLv,19,14,100.361618000000007,"Minahassa Peninsula, Sulawesi",BMKG,0.403,122.451
127,bmg2024ascq,2024/01/10 21:47:06.303,-2.465253592000000,121.174819900000003,2.751340353000000,MLv,10,28,66.800102229999993,"Sulawesi, Indonesia",BMKG,-2.465,121.175
128,bmg2024asaq,2024/01/10 20:45:39.320,-0.764933407300000,122.234962499999995,2.647906694000000,M,10,16,83.697830199999999,"Minahassa Peninsula, Sulawesi",BMKG,-0.765,122.235
129,bmg2024arwq,2024/01/10 18:43:56.160,-4.433620930000000,120.126564000000002,1.748859387000000,MLv,21,12,141.919221899999997,"Sulawesi, Indonesia",BMKG,-4.434,120.127
130,bmg2024arpk,2024/01/10 15:05:50.660,0.490370959000000,122.191360500000002,2.734016838000000,MLv,99,31,85.738052370000005,"Minahassa Peninsula, Sulawesi",BMKG,0.490,122.191
131,bmg2024arpj,2024/01/10 15:04:23.334,-1.244795442000000,120.234153699999993,2.451000475000000,MLv,10,27,58.664077759999998,"Sulawesi, Indonesia",BMKG,-1.245,120.234
132,bmg2024aqbu,2024/01/09 19:05:00.716,0.904525399200000,123.860069300000006,3.715961273000000,MLv,282,33,126.462623600000001,"Minahassa Peninsula, Sulawesi",BMKG,0.905,123.860
133,bmg2024aqai,2024/01/09 18:19:59.146,-0.215878009800000,122.908874499999996,2.744944041000000,MLv,29,21,81.651149750000002,"Minahassa Peninsula, Sulawesi",BMKG,-0.216,122.909
134,bmg2024apyp,2024/01/09 17:27:31.585,-4.718080044000000,122.990615800000000,2.040799567000000,MLv,12,8,124.532508899999996,"Sulawesi, Indonesia",BMKG,-4.718,122.991
135,bmg2024apym,2024/01/09 17:24:09.367,0.329693675000000,121.528472899999997,2.642320124000000,MLv,158,35,58.367523190000000,"Minahassa Peninsula, Sulawesi",BMKG,0.330,121.528
136,bmg2024apyi,2024/01/09 17:19:33.183,-1.359459639000000,120.312950099999995,2.212116020000000,MLv,21,13,85.476638789999996,"Sulawesi, Indonesia",BMKG,-1.359,120.313
137,bmg2024apwl,2024/01/09 16:22:41.298,-4.143464088000000,122.636360199999999,2.391863054000000,MLv,10,15,84.337097170000007,"Sulawesi, Indonesia",BMKG,-4.143,122.636
138,bmg2024aowf,2024/01/09 03:07:39.759,-0.284148335500000,122.974388099999999,2.882350262000000,MLv,36,22,86.462768550000007,"Minahassa Peninsula, Sulawesi",BMKG,-0.284,122.974
139,bmg2024aosp,2024/01/09 01:18:07.340,-2.323285580000000,119.188835100000006,3.368854271000000,MLv,10,46,155.284468699999991,"Sulawesi, Indonesia",BMKG,-2.323,119.189
140,bmg2024aonb,2024/01/08 22:29:41.105,-0.421295970700000,122.971260099999995,2.933063924000000,MLv,56,15,82.305416109999996,"Minahassa Peninsula, Sulawesi",BMKG,-0.421,122.971
141,bmg2024aomf,2024/01/08 22:04:58.125,-4.495089054000000,123.007232700000003,2.868403435000000,M,10,13,121.592651399999994,Banda Sea,BMKG,-4.495,123.007
142,bmg2024aolr,2024/01/08 21:48:23.241,0.201809540400000,122.415824900000004,2.849244318000000,M,147,30,54.146575929999997,"Minahassa Peninsula, Sulawesi",BMKG,0.202,122.416
143,bmg2024aohd,2024/01/08 19:29:07.585,0.210943654200000,122.076415999999995,2.822819225000000,M,194,35,47.702058790000002,"Minahassa Peninsula, Sulawesi",BMKG,0.211,122.076
144,bmg2024aogn,2024/01/08 19:11:23.525,0.571370363200000,125.231079100000002,2.730708822000000,MLv,26,17,135.721252399999997,Northern Molucca Sea,BMKG,0.571,125.231
145,bmg2024aoel,2024/01/08 18:08:20.420,-0.119486264900000,123.131019600000002,3.624314687000000,MLv,104,62,43.482410430000002,"Minahassa Peninsula, Sulawesi",BMKG,-0.119,123.131
146,bmg2024anqk,2024/01/08 11:03:09.900,0.337129056500000,122.247375500000004,2.390705693000000,MLv,149,15,104.301040599999993,"Minahassa Peninsula, Sulawesi",BMKG,0.337,122.247
147,bmg2024ange,2024/01/08 05:53:10.770,-3.846806765000000,120.070701600000007,2.463939176000000,MLv,11,20,113.837543499999995,"Sulawesi, Indonesia",BMKG,-3.847,120.071
148,bmg2024andg,2024/01/08 04:25:07.975,-1.140621424000000,120.469345099999998,2.871797166000000,MLv,10,18,82.933784480000000,"Sulawesi, Indonesia",BMKG,-1.141,120.469
149,bmg2024anci,2024/01/08 03:56:07.323,1.332458854000000,122.041679400000007,3.945971793000000,MLv,10,43,116.206420899999998,"Minahassa Peninsula, Sulawesi",BMKG,1.332,122.042
150,bmg2024amqi,2024/01/07 21:52:25.870,0.284897357200000,121.907638500000004,3.815928466000000,MLv,178,71,38.315849300000004,"Minahassa Peninsula, Sulawesi",BMKG,0.285,121.908
151,bmg2024amhh,2024/01/07 17:18:30.084,-1.878015518000000,122.500717199999997,3.912980670000000,MLv,10,73,68.583038329999994,"Sulawesi, Indonesia",BMKG,-1.878,122.501
152,bmg2024amgy,2024/01/07 17:07:52.835,-2.309254885000000,119.168815600000002,3.624897401000000,MLv,10,69,154.490187600000013,"Sulawesi, Indonesia",BMKG,-2.309,119.169
153,bmg2024amcv,2024/01/07 15:03:32.839,-0.011527857740000,123.758056600000003,3.421867108000000,MLv,119,36,83.153362270000002,"Minahassa Peninsula, Sulawesi",BMKG,-0.012,123.758
154,bmg2024amcj,2024/01/07 14:49:51.889,-0.745616078400000,123.157997100000003,2.450168502000000,MLv,34,11,92.565338130000001,"Minahassa Peninsula, Sulawesi",BMKG,-0.746,123.158
155,bmg2024alur,2024/01/07 10:55:55.329,-1.831885934000000,122.480621299999996,2.992309523000000,MLv,10,34,116.550041199999995,"Sulawesi, Indonesia",BMKG,-1.832,122.481
156,bmg2024aluc,2024/01/07 10:38:23.291,-1.854148626000000,122.503227199999998,4.916092138000000,Mw(mB),12,202,26.944488530000001,"Sulawesi, Indonesia",BMKG,-1.854,122.503
157,bmg2024alsi,2024/01/07 09:45:28.827,0.294672101700000,122.099937400000002,3.179562848000000,M,148,48,58.795022959999997,"Minahassa Peninsula, Sulawesi",BMKG,0.295,122.100
158,bmg2024alky,2024/01/07 06:01:10.604,-2.572509289000000,121.414466899999994,2.479065457000000,MLv,10,18,125.214124699999999,"Sulawesi, Indonesia",BMKG,-2.573,121.414
159,bmg2024alha,2024/01/07 04:02:09.550,-2.502984762000000,121.025215099999997,2.863393385000000,M,10,37,61.428619380000001,"Sulawesi, Indonesia",BMKG,-2.503,121.025
160,bmg2024akru,2024/01/06 20:20:38.069,-0.205685555900000,123.081161499999993,3.228068834000000,MLv,26,30,96.414638519999997,"Minahassa Peninsula, Sulawesi",BMKG,-0.206,123.081
161,bmg2024ajyh,2024/01/06 10:29:15.438,0.543143570400000,121.995971699999998,2.443455460000000,MLv,175,15,82.357429499999995,"Minahassa Peninsula, Sulawesi",BMKG,0.543,121.996
162,bmg2024ajml,2024/01/06 04:30:53.946,-1.324579597000000,119.715110800000005,2.461586103000000,MLv,10,21,69.365097050000003,"Sulawesi, Indonesia",BMKG,-1.325,119.715
163,bmg2024ajlt,2024/01/06 04:10:02.498,-1.288024545000000,119.676353500000005,4.065399434000000,MLv,10,85,58.560485839999998,"Sulawesi, Indonesia",BMKG,-1.288,119.676
164,bmg2024ajjz,2024/01/06 03:16:27.848,-0.203952103900000,123.007377599999998,3.921863031000000,MLv,103,59,61.081531519999999,"Minahassa Peninsula, Sulawesi",BMKG,-0.204,123.007
165,bmg2024aipc,2024/01/05 16:43:16.004,0.710521638400000,121.286338799999996,2.533639286000000,MLv,39,26,70.360620499999996,"Minahassa Peninsula, Sulawesi",BMKG,0.711,121.286
166,bmg2024ahvq,2024/01/05 06:52:42.146,1.458283544000000,125.267562900000001,3.827953975000000,MLv,108,37,95.608046049999999,Northern Molucca Sea,BMKG,1.458,125.268
167,bmg2024ahsw,2024/01/05 05:29:23.788,0.133013486900000,119.560646100000000,2.026356803000000,MLv,12,10,155.721221899999989,"Minahassa Peninsula, Sulawesi",BMKG,0.133,119.561
168,bmg2024ahrk,2024/01/05 04:44:16.362,-2.415168762000000,120.766532900000001,2.548629169000000,MLv,10,20,66.354705809999999,"Sulawesi, Indonesia",BMKG,-2.415,120.767
169,bmg2024ahrg,2024/01/05 04:39:51.799,-3.997310400000000,119.937995900000004,2.168334761000000,MLv,30,18,103.012367200000000,"Sulawesi, Indonesia",BMKG,-3.997,119.938
170,bmg2024ahqm,2024/01/05 04:16:39.149,0.641704618900000,121.918769800000007,1.541406910000000,M,183,10,120.041469599999999,"Minahassa Peninsula, Sulawesi",BMKG,0.642,121.919
171,bmg2024ahau,2024/01/04 20:20:56.656,-6.178472519000000,120.172050499999997,3.003754138000000,MLv,10,33,113.959426899999997,Flores Sea,BMKG,-6.178,120.172
172,bmg2024agqn,2024/01/04 15:09:29.066,1.890723109000000,121.997436500000006,2.542746043000000,MLv,10,15,248.722488400000003,"Minahassa Peninsula, Sulawesi",BMKG,1.891,121.997
173,bmg2024agkv,2024/01/04 12:16:57.532,-0.249120429200000,123.046386699999999,2.640753147000000,MLv,33,13,93.037544249999996,"Minahassa Peninsula, Sulawesi",BMKG,-0.249,123.046
174,bmg2024afta,2024/01/04 03:16:47.109,-0.238985925900000,122.879531900000003,3.406392242000000,M,82,46,58.614234920000001,"Minahassa Peninsula, Sulawesi",BMKG,-0.239,122.880
175,bmg2024afot,2024/01/04 01:08:10.788,0.313935846100000,122.095596299999997,3.004250223000000,M,182,36,65.651199340000005,"Minahassa Peninsula, Sulawesi",BMKG,0.314,122.096
176,bmg2024aflh,2024/01/03 23:22:32.429,-0.695663511800000,122.090118399999994,2.797023797000000,MLv,11,27,77.495349880000006,"Minahassa Peninsula, Sulawesi",BMKG,-0.696,122.090
177,bmg2024afkh,2024/01/03 22:52:29.778,0.110970623800000,124.977569599999995,3.693423722000000,M,10,30,81.154083249999999,"Minahassa Peninsula, Sulawesi",BMKG,0.111,124.978
178,bmg2024afbl,2024/01/03 18:25:00.549,-0.356303691900000,125.222923300000005,3.562641894000000,MLv,101,19,143.176445000000001,Southern Molucca Sea,BMKG,-0.356,125.223
179,bmg2024afap,2024/01/03 17:58:23.365,-0.274953752800000,125.317405699999995,3.713343964000000,MLv,10,43,59.200531009999999,Southern Molucca Sea,BMKG,-0.275,125.317
180,bmg2024aesy,2024/01/03 14:06:49.499,1.908991456000000,122.016883899999996,2.719154897000000,MLv,10,20,237.414192200000002,"Minahassa Peninsula, Sulawesi",BMKG,1.909,122.017
181,bmg2024aelm,2024/01/03 10:20:57.542,0.379184365300000,120.535621599999999,2.826686546000000,MLv,70,19,65.610141749999997,"Minahassa Peninsula, Sulawesi",BMKG,0.379,120.536
182,bmg2024aeik,2024/01/03 08:47:15.958,-0.198680788300000,123.632446299999998,4.579665640000000,MLv,40,58,62.189945219999998,"Minahassa Peninsula, Sulawesi",BMKG,-0.199,123.632
183,bmg2024adwn,2024/01/03 02:47:15.594,2.084189177000000,122.070068399999997,4.302402146000001,MLv,10,41,134.870201100000003,Celebes Sea,BMKG,2.084,122.070
184,bmg2024admb,2024/01/02 21:29:48.607,-2.970048428000000,119.438880900000001,2.459946981000000,MLv,10,25,76.609191890000005,"Sulawesi, Indonesia",BMKG,-2.970,119.439
185,bmg2024adiz,2024/01/02 19:56:09.446,-2.981712341000000,119.437065099999998,3.028037624000000,MLv,10,39,63.791336059999999,"Sulawesi, Indonesia",BMKG,-2.982,119.437
186,bmg2024adir,2024/01/02 19:46:53.552,0.100012041600000,122.825927699999994,2.989772566000000,MLv,110,36,65.669914250000005,"Minahassa Peninsula, Sulawesi",BMKG,0.100,122.826
187,bmg2024adif,2024/01/02 19:33:21.042,-2.940333128000000,119.408157299999999,2.487427213000000,MLv,10,26,68.477698799999999,"Sulawesi, Indonesia",BMKG,-2.940,119.408
188,bmg2024adic,2024/01/02 19:30:26.694,-2.910212994000000,119.409202600000000,2.383407092000000,MLv,10,18,71.393988129999997,"Sulawesi, Indonesia",BMKG,-2.910,119.409
189,bmg2024adib,2024/01/02 19:28:32.700,-2.910235405000000,119.403205900000003,1.929493560000000,MLv,10,16,162.953796399999987,"Sulawesi, Indonesia",BMKG,-2.910,119.403
190,bmg2024addu,2024/01/02 17:19:11.242,-1.243025899000000,120.244895900000003,1.874765285000000,MLv,11,15,76.921768189999995,"Sulawesi, Indonesia",BMKG,-1.243,120.245
191,bmg2024adcx,2024/01/02 16:52:17.172,-1.872952104000000,122.540451000000004,2.976728921000000,MLv,10,21,145.512298600000008,"Sulawesi, Indonesia",BMKG,-1.873,122.540
192,bmg2024adco,2024/01/02 16:42:28.289,-1.315621853000000,120.140335100000001,3.463641239000000,MLv,10,55,49.914138790000003,"Sulawesi, Indonesia",BMKG,-1.316,120.140
193,bmg2024acsk,2024/01/02 11:34:33.440,-0.151048332500000,120.380821200000000,2.403353693000000,MLv,74,32,52.571113590000003,"Minahassa Peninsula, Sulawesi",BMKG,-0.151,120.381
194,bmg2024aclp,2024/01/02 08:07:37.138,-2.163448811000000,120.469657900000001,3.046952222000000,MLv,10,51,59.793701169999999,"Sulawesi, Indonesia",BMKG,-2.163,120.470
195,bmg2024acli,2024/01/02 07:59:35.839,-2.091675997000000,120.420272800000006,3.140086751000000,MLv,10,60,61.878341669999998,"Sulawesi, Indonesia",BMKG,-2.092,120.420
196,bmg2024ablw,2024/01/01 19:08:18.453,0.792899549000000,120.510177600000006,2.803462415000000,MLv,10,35,116.429599800000005,"Minahassa Peninsula, Sulawesi",BMKG,0.793,120.510
197,bmg2024abdt,2024/01/01 15:01:37.686,-0.235877990700000,123.126960800000006,3.739720571000000,MLv,95,93,41.378707890000001,"Minahassa Peninsula, Sulawesi",BMKG,-0.236,123.127
198,bmg2024aapp,2024/01/01 07:52:43.756,-0.155645042700000,123.662078899999997,5.802878242058830,M,73,215,55.919634819999999,"Minahassa Peninsula, Sulawesi",BMKG,-0.156,123.662
199,bmg2024aajp,2024/01/01 04:50:34.515,-1.120955944000000,120.378059399999998,2.664167181000000,MLv,10,25,57.733352660000001,"Sulawesi, Indonesia",BMKG,-1.121,120.378
200,bmg2024aadl,2024/01/01 01:44:08.498,-1.520878911000000,119.821083099999996,2.740933638000000,M,10,39,88.008651729999997,"Sulawesi, Indonesia",BMKG,-1.521,119.821
201,bmg2024aact,2024/01/01 01:23:41.356,-0.715055346500000,119.892898599999995,2.168527649000000,MLv,10,18,88.542289819999993,"Minahassa Peninsula, Sulawesi",BMKG,-0.715,119.893
202,bmg2024aaar,2024/01/01 00:20:10.109,0.675870657000000,124.021324199999995,3.351147470000000,MLv,254,28,113.401248899999999,"Minahassa Peninsula, Sulawesi",BMKG,0.676,124.021
203,bmg2024aaac,2024/01/01 00:03:15.953,-1.222483039000000,120.520973200000000,3.084546990000000,MLv,10,44,62.918510439999999,"Sulawesi, Indonesia",BMKG,-1.222,120.521
204,bmg2024edds,2024/02/28 15:25:07.491,-1.925606727600100,122.502212524414006,3.729961717204440,M,10,39,94.518592834472699,"Sulawesi, Indonesia",BMKG,-1.926,122.502
205,bmg2024eczc,2024/02/28 13:06:08.123,1.547855138778690,124.753944396972997,4.000932966316900,M,218,33,125.468362808227994,"Minahassa Peninsula, Sulawesi",BMKG,1.548,124.754
206,bmg2024ecag,2024/02/28 00:32:05.687,0.840427994728088,120.492881774902003,2.962865651525000,M,12,29,177.063613891601989,"Minahassa Peninsula, Sulawesi",BMKG,0.840,120.493
207,bmg2024ebsm,2024/02/27 20:37:27.943,-1.139325976371770,120.291412353515994,1.478033455113340,M,10,10,95.630325317382798,"Sulawesi, Indonesia",BMKG,-1.139,120.291
208,bmg2024ebay,2024/02/27 11:45:42.774,-0.116564899682999,121.678115844727003,2.849705014397390,M,4,25,64.365104675292997,"Minahassa Peninsula, Sulawesi",BMKG,-0.117,121.678
209,bmg2024eazd,2024/02/27 10:50:54.582,-2.967753648757930,119.351882934570000,2.551529329144340,M,4,14,106.167892456055014,"Sulawesi, Indonesia",BMKG,-2.968,119.352
210,bmg2024eaxy,2024/02/27 10:13:56.619,-4.457417488098140,122.869209289550994,2.845025413572350,M,9,9,162.126663208008011,"Sulawesi, Indonesia",BMKG,-4.457,122.869
211,bmg2024dzqd,2024/02/26 17:09:52.403,-2.949408769607540,119.380287170410000,2.283248959769220,M,13,18,85.882308959960895,"Sulawesi, Indonesia",BMKG,-2.949,119.380
212,bmg2024dzjk,2024/02/26 13:45:26.960,-0.676775634288788,121.876953125000000,3.074755974499540,M,7,50,35.771392822265597,"Minahassa Peninsula, Sulawesi",BMKG,-0.677,121.877
213,bmg2024dyrk,2024/02/26 04:39:23.102,-1.646031498909000,120.649536132812997,3.022619784972580,M,1,18,68.462635040283203,"Sulawesi, Indonesia",BMKG,-1.646,120.650
214,bmg2024dynn,2024/02/26 02:41:35.602,-1.288672447204590,121.158325195312997,2.418622931029320,M,5,13,110.578430175780994,"Sulawesi, Indonesia",BMKG,-1.289,121.158
215,bmg2024dxxa,2024/02/25 18:21:25.979,0.370641112327576,120.937622070312997,2.668373191094710,M,102,38,65.262298583984403,"Minahassa Peninsula, Sulawesi",BMKG,0.371,120.938
216,bmg2024dxwx,2024/02/25 18:18:28.940,0.359521031379700,120.884620666504006,2.410632673754030,M,101,31,71.301662445068402,"Minahassa Peninsula, Sulawesi",BMKG,0.360,120.885
217,bmg2024dxlw,2024/02/25 12:43:43.461,-2.431771516799930,120.721664428710994,3.039135710512470,M,10,53,75.304046630859403,"Sulawesi, Indonesia",BMKG,-2.432,120.722
218,bmg2024dvtk,2024/02/24 14:16:09.535,-2.953908920288090,119.354751586914006,2.965299160845870,M,4,40,81.615051269531307,"Sulawesi, Indonesia",BMKG,-2.954,119.355
219,bmg2024dvse,2024/02/24 13:38:56.560,-0.760291635990143,119.858879089354986,2.124403803086920,M,10,18,75.921133995056195,"Minahassa Peninsula, Sulawesi",BMKG,-0.760,119.859
220,bmg2024dvon,2024/02/24 11:47:25.928,-1.326215267181400,120.247131347655994,2.138884646133040,M,14,17,97.089263916015597,"Sulawesi, Indonesia",BMKG,-1.326,120.247
221,bmg2024dvmv,2024/02/24 10:56:52.474,0.969070494174957,121.706321716309006,2.738139392337570,M,10,21,143.513313293457003,"Minahassa Peninsula, Sulawesi",BMKG,0.969,121.706
222,bmg2024duiu,2024/02/23 19:45:33.823,-0.248829409480095,123.177642822265994,2.844383324393000,M,81,45,51.900573730468800,"Minahassa Peninsula, Sulawesi",BMKG,-0.249,123.178
223,bmg2024dtvg,2024/02/23 12:55:51.858,-2.961626768112180,119.376831054687997,3.242478879402990,M,10,30,65.992052078247099,"Sulawesi, Indonesia",BMKG,-2.962,119.377
224,bmg2024dttj,2024/02/23 11:58:00.272,-0.076863855123520,121.917442321777003,4.047986058047390,M,251,75,34.792594909667997,"Minahassa Peninsula, Sulawesi",BMKG,-0.077,121.917
225,bmg2024dtrz,2024/02/23 11:16:19.951,-2.459245204925540,121.031646728515994,2.813859333997360,M,10,13,76.271362304687500,"Sulawesi, Indonesia",BMKG,-2.459,121.032
226,bmg2024dtma,2024/02/23 08:16:07.653,-4.406864643096921,123.101081848145014,2.263004488956580,M,10,10,224.773880004883011,Banda Sea,BMKG,-4.407,123.101
227,bmg2024dtls,2024/02/23 08:06:58.501,0.359858363866806,125.234504699707003,3.225876745066550,M,10,20,112.824539184570000,Northern Molucca Sea,BMKG,0.360,125.235
228,bmg2024dtkn,2024/02/23 07:29:55.461,-0.663456141948700,121.774085998534986,2.724122966910960,M,26,16,123.588394165039006,"Minahassa Peninsula, Sulawesi",BMKG,-0.663,121.774
229,bmg2024dtis,2024/02/23 06:35:50.918,-1.052624225616460,121.454063415527003,1.920459012544090,M,13,8,153.613288879394986,"Sulawesi, Indonesia",BMKG,-1.053,121.454
230,bmg2024dsud,2024/02/22 23:13:36.455,1.145800828933720,120.291099548340000,3.876675929174730,M,10,30,175.549186706542997,"Minahassa Peninsula, Sulawesi",BMKG,1.146,120.291
231,bmg2024dsse,2024/02/22 22:14:23.386,-3.820192813873290,119.035896301270000,2.713004829898270,M,16,24,190.169357299805000,"Sulawesi, Indonesia",BMKG,-3.820,119.036
232,bmg2024dsjq,2024/02/22 17:55:08.121,-2.948520183563230,119.352668762207003,2.135769727180290,M,10,9,161.494522094726989,"Sulawesi, Indonesia",BMKG,-2.949,119.353
233,bmg2024dsfs,2024/02/22 15:56:51.767,1.059562802314760,119.802413940430000,3.425550288010430,M,10,23,152.312538146972997,Celebes Sea,BMKG,1.060,119.802
234,bmg2024dsce,2024/02/22 14:09:44.561,-1.309142708778380,120.369308471680000,3.007141430057010,M,10,21,73.124168395996094,"Sulawesi, Indonesia",BMKG,-1.309,120.369
235,bmg2024drwy,2024/02/22 11:30:13.235,0.255073040723801,123.978858947754006,3.346255343584780,M,187,27,65.744732424616799,"Minahassa Peninsula, Sulawesi",BMKG,0.255,123.979
236,bmg2024dqnw,2024/02/21 17:46:53.994,0.307095795869827,122.079841613770000,3.106890483349510,M,162,41,60.153961181640597,"Minahassa Peninsula, Sulawesi",BMKG,0.307,122.080
237,bmg2024dqkg,2024/02/21 15:57:47.823,1.059657931327820,121.762321472167997,3.249671627592180,M,6,27,169.993629455566008,"Minahassa Peninsula, Sulawesi",BMKG,1.060,121.762
238,bmg2024dqgw,2024/02/21 14:14:34.359,-1.352477312088010,120.383171081542997,2.878905325621070,M,5,26,54.258132934570298,"Sulawesi, Indonesia",BMKG,-1.352,120.383
239,bmg2024dqat,2024/02/21 11:09:34.099,-2.542759418487550,121.279350280762003,2.943622305413670,M,10,38,44.946441650390597,"Sulawesi, Indonesia",BMKG,-2.543,121.279
240,bmg2024dplv,2024/02/21 03:37:33.097,-0.875525772571564,121.745590209960994,2.372997536186980,M,11,13,132.297241210938012,"Minahassa Peninsula, Sulawesi",BMKG,-0.876,121.746
241,bmg2024dpem,2024/02/20 23:54:10.754,-4.430360794067380,121.705123901367003,3.005123204010730,M,10,29,74.703491210937500,"Sulawesi, Indonesia",BMKG,-4.430,121.705
242,bmg2024dpat,2024/02/20 22:01:19.386,0.320451557636261,119.504119873047003,2.717050031836860,M,17,20,143.323379516601989,"Minahassa Peninsula, Sulawesi",BMKG,0.320,119.504
243,bmg2024dovx,2024/02/20 19:34:59.572,-1.347765564918520,119.295707702637003,2.378766293069030,M,15,22,97.040237426757798,"Sulawesi, Indonesia",BMKG,-1.348,119.296
244,bmg2024dopc,2024/02/20 16:08:40.341,-2.390600919723510,120.870925903320000,4.072227508056420,M,6,88,47.088073730468800,"Sulawesi, Indonesia",BMKG,-2.391,120.871
245,bmg2024doku,2024/02/20 13:58:16.534,0.614379167556763,122.296554565430000,2.432092832018660,M,68,16,82.438050270080595,"Minahassa Peninsula, Sulawesi",BMKG,0.614,122.297
246,bmg2024doct,2024/02/20 09:54:31.702,-0.378181368112564,124.603370666504006,4.244467310017880,M,10,61,41.469928741455099,Southern Molucca Sea,BMKG,-0.378,124.603
247,bmg2024dobs,2024/02/20 09:22:25.102,-2.373029947280880,120.796638488770000,2.433396019742570,M,21,17,83.658445358276396,"Sulawesi, Indonesia",BMKG,-2.373,120.797
248,bmg2024dnxh,2024/02/20 07:08:23.541,-1.050387859344480,120.260498046875014,2.415076789219280,M,10,15,95.859199523925795,"Sulawesi, Indonesia",BMKG,-1.050,120.260
249,bmg2024dnmo,2024/02/20 01:43:38.275,-0.141280919313431,123.284828186034986,2.276203433635300,ML,10,8,148.897903442383011,"Minahassa Peninsula, Sulawesi",BMKG,-0.141,123.285
250,bmg2024dnel,2024/02/19 21:37:21.835,0.302376300096512,121.973052978515994,3.075125650390150,M,166,47,48.560737609863303,"Minahassa Peninsula, Sulawesi",BMKG,0.302,121.973
251,bmg2024dnbf,2024/02/19 19:59:18.017,-2.668960571289060,122.474365234375014,3.267917184841860,M,10,63,93.501815795898395,"Sulawesi, Indonesia",BMKG,-2.669,122.474
252,bmg2024dmyi,2024/02/19 18:31:47.746,-0.191606521606445,119.488037109375014,3.429067248912380,M,10,64,87.203628540039105,"Minahassa Peninsula, Sulawesi",BMKG,-0.192,119.488
253,bmg2024dlvr,2024/02/19 04:03:06.450,-3.493858098983760,123.470031738280994,3.974175177453240,M,22,90,80.659599304199205,"Sulawesi, Indonesia",BMKG,-3.494,123.470
254,bmg2024djzt,2024/02/18 03:49:57.045,-1.079193711280820,121.502410888672003,3.137870380586100,M,10,39,47.120773315429702,"Sulawesi, Indonesia",BMKG,-1.079,121.502
255,bmg2024dith,2024/02/17 11:25:57.852,0.256865382194519,121.971206665039006,3.899751809837730,M,169,59,42.009338378906293,"Minahassa Peninsula, Sulawesi",BMKG,0.257,121.971
256,bmg2024dinf,2024/02/17 08:22:39.831,0.953865826129913,119.343841552734006,3.387392730248920,M,11,33,148.766014099121037,"Minahassa Peninsula, Sulawesi",BMKG,0.954,119.344
257,bmg2024dhlp,2024/02/16 18:24:29.837,1.479470849037170,120.251518249512003,4.518615163699780,M,10,74,117.317413330077997,"Minahassa Peninsula, Sulawesi",BMKG,1.479,120.252
258,bmg2024dhin,2024/02/16 16:51:20.875,-2.254700899124150,121.160385131835994,3.064500395370690,M,10,34,48.288589477539098,"Sulawesi, Indonesia",BMKG,-2.255,121.160
259,bmg2024dgqb,2024/02/16 07:32:22.054,-2.931120157241820,119.433616638184006,2.186967123387500,MLv,10,18,80.258254051208496,"Sulawesi, Indonesia",BMKG,-2.931,119.434
260,bmg2024dgnv,2024/02/16 06:24:21.212,-2.311197280883790,120.774314880370994,3.132001725935780,MLv,5,26,93.226104736328097,"Sulawesi, Indonesia",BMKG,-2.311,120.774
261,bmg2024dflk,2024/02/15 16:03:29.248,-0.161291003227234,123.208930969237997,3.602270727745240,M,121,47,66.233234405517607,"Minahassa Peninsula, Sulawesi",BMKG,-0.161,123.209
262,bmg2024dfld,2024/02/15 15:53:22.639,0.901562213897705,119.276870727539006,3.510934341094100,M,24,48,115.630874633789006,"Minahassa Peninsula, Sulawesi",BMKG,0.902,119.277
263,bmg2024dfla,2024/02/15 15:51:14.518,0.920108258724213,119.275932312012003,3.222835938727390,M,25,36,142.614410400390994,"Minahassa Peninsula, Sulawesi",BMKG,0.920,119.276
264,bmg2024dfhe,2024/02/15 13:54:15.317,0.651659786701202,122.191459655762003,3.108018363343760,M,89,35,99.511844635009794,"Minahassa Peninsula, Sulawesi",BMKG,0.652,122.191
265,bmg2024dfel,2024/02/15 12:32:12.690,-0.102750629186630,122.872428894042997,3.742845918929570,M,139,47,57.137969970703097,"Minahassa Peninsula, Sulawesi",BMKG,-0.103,122.872
266,bmg2024dfco,2024/02/15 11:35:13.187,-2.118353605270390,120.294166564940994,2.493282961992290,M,10,19,107.746444702147997,"Sulawesi, Indonesia",BMKG,-2.118,120.294
267,bmg2024dfcg,2024/02/15 11:25:08.647,-5.051193714141850,123.256599426270000,2.725136126806230,M,26,12,143.955062866210994,Banda Sea,BMKG,-5.051,123.257
268,bmg2024devp,2024/02/15 08:03:18.098,-0.047247130423784,123.344497680664006,3.522312859755670,M,144,45,71.143363952636705,"Minahassa Peninsula, Sulawesi",BMKG,-0.047,123.344
269,bmg2024dehx,2024/02/15 01:08:45.685,1.193792343139650,121.803932189940994,4.443352997979680,M,10,73,147.835655212402003,"Minahassa Peninsula, Sulawesi",BMKG,1.194,121.804
270,bmg2024debz,2024/02/14 22:09:05.620,-0.754608452320099,119.804718017577997,2.888729375173610,M,20,32,82.685638427734403,"Minahassa Peninsula, Sulawesi",BMKG,-0.755,119.805
271,bmg2024ddlm,2024/02/14 13:49:02.475,0.742084085941315,121.823539733887003,3.681126737502260,MLv,65,43,108.827507019042997,"Minahassa Peninsula, Sulawesi",BMKG,0.742,121.824
272,bmg2024ddcu,2024/02/14 09:25:29.450,-0.109229922294617,123.394676208495994,4.450034892236140,M,121,75,65.850753784179702,"Minahassa Peninsula, Sulawesi",BMKG,-0.109,123.395
273,bmg2024dckl,2024/02/14 00:08:56.739,-0.790009677410126,121.689407348632997,3.158609556967560,M,10,46,60.998107910156293,"Minahassa Peninsula, Sulawesi",BMKG,-0.790,121.689
274,bmg2024dcep,2024/02/13 21:12:13.188,-1.333068609237670,120.511512756347997,2.601113201616530,M,5,23,51.550506591796903,"Sulawesi, Indonesia",BMKG,-1.333,120.512
275,bmg2024dcak,2024/02/13 19:05:32.076,0.962037861347199,122.746887207030994,3.317343557026930,M,54,38,107.010982513428004,"Minahassa Peninsula, Sulawesi",BMKG,0.962,122.747
276,bmg2024dacp,2024/02/12 17:54:59.090,-0.659419298171997,123.514892578124986,2.910053106642480,M,10,16,152.725545883178995,"Minahassa Peninsula, Sulawesi",BMKG,-0.659,123.515
277,bmg2024czsa,2024/02/12 12:34:10.259,-1.308252931000000,120.733009300000006,2.896964153822210,M,10,21,55.264877319999997,"Sulawesi, Indonesia",BMKG,-1.308,120.733
278,bmg2024czpi,2024/02/12 11:13:00.751,-2.345279217000000,122.433616599999993,3.200967234363210,M,10,23,133.112853999999999,"Sulawesi, Indonesia",BMKG,-2.345,122.434
279,bmg2024czcb,2024/02/12 04:30:30.124,-2.620717525000000,120.358383200000006,2.592816269493940,M,10,18,100.913688699999994,"Sulawesi, Indonesia",BMKG,-2.621,120.358
280,bmg2024cxiz,2024/02/11 05:43:47.663,0.310476392500000,121.984428399999999,3.379798190000000,MLv,116,46,53.555923460000002,"Minahassa Peninsula, Sulawesi",BMKG,0.310,121.984
281,bmg2024cxiv,2024/02/11 05:39:41.326,-0.799307823200000,121.565521200000006,2.687469663000000,MLv,10,23,110.399087899999998,"Minahassa Peninsula, Sulawesi",BMKG,-0.799,121.566
282,bmg2024cxdq,2024/02/11 03:02:04.254,0.374405711900000,122.426086400000003,2.351322959000000,MLv,78,15,76.506301879999995,"Minahassa Peninsula, Sulawesi",BMKG,0.374,122.426
283,bmg2024cxdg,2024/02/11 02:50:30.321,0.300928086000000,122.159317000000001,2.161712469000000,MLv,160,11,212.792457600000006,"Minahassa Peninsula, Sulawesi",BMKG,0.301,122.159
284,bmg2024cxcy,2024/02/11 02:41:06.252,0.247128635600000,122.253517200000005,2.731669264000000,MLv,21,23,96.759086609999997,"Minahassa Peninsula, Sulawesi",BMKG,0.247,122.254
285,bmg2024cvja,2024/02/10 03:28:59.214,0.200576245784760,122.135726928710994,3.826675954298950,M,172,63,51.742156982421903,"Minahassa Peninsula, Sulawesi",BMKG,0.201,122.136
286,bmg2024cuxj,2024/02/09 21:35:45.541,-2.330753803253170,120.809669494629006,2.659552528384380,M,10,28,68.261260986328097,"Sulawesi, Indonesia",BMKG,-2.331,120.810
287,bmg2024cuts,2024/02/09 19:45:21.353,0.491307139396668,121.486793518065994,3.531795050920050,M,73,59,65.017578125000000,"Minahassa Peninsula, Sulawesi",BMKG,0.491,121.487
288,bmg2024cugr,2024/02/09 13:09:25.759,-0.245577007500000,122.999046300000003,3.567709871000000,MLv,37,26,62.583251949999998,"Minahassa Peninsula, Sulawesi",BMKG,-0.246,122.999
289,bmg2024ctmb,2024/02/09 02:44:27.335,-3.523252964000000,120.985549899999995,2.560432219000000,MLv,10,33,71.445182799999998,"Sulawesi, Indonesia",BMKG,-3.523,120.986
290,bmg2024cswn,2024/02/08 18:54:03.026,-2.084897757000000,119.215789799999996,2.084390279000000,MLv,25,21,170.077152299999995,"Sulawesi, Indonesia",BMKG,-2.085,119.216
291,bmg2024csvk,2024/02/08 18:20:34.113,0.118693433700000,123.960739099999998,4.098840663000000,MLv,10,77,51.946619269999999,"Minahassa Peninsula, Sulawesi",BMKG,0.119,123.961
292,bmg2024csus,2024/02/08 17:59:20.451,-3.950808764000000,122.549934399999998,3.080653611000000,MLv,10,20,73.810478209999999,"Sulawesi, Indonesia",BMKG,-3.951,122.550
293,bmg2024crwg,2024/02/08 05:37:03.914,-0.432712435700000,124.355049100000002,3.749726229000000,MLv,10,26,116.156917600000000,Southern Molucca Sea,BMKG,-0.433,124.355
294,bmg2024crtq,2024/02/08 04:18:43.769,-2.174603701000000,121.177749599999999,2.763229665000000,MLv,10,25,55.954078670000001,"Sulawesi, Indonesia",BMKG,-2.175,121.178
295,bmg2024crfg,2024/02/07 21:01:57.250,-0.049922812730000,124.867561300000006,3.541047276000000,MLv,10,29,88.506385800000004,Southern Molucca Sea,BMKG,-0.050,124.868
296,bmg2024cqzw,2024/02/07 18:19:25.753,-0.048045989130000,122.230094899999997,3.470184327000000,MLv,232,64,48.813385009999998,"Minahassa Peninsula, Sulawesi",BMKG,-0.048,122.230
297,bmg2024cqvl,2024/02/07 16:04:52.882,0.601805448500000,122.531578100000004,3.886751821000000,MLv,56,64,88.095840449999997,"Minahassa Peninsula, Sulawesi",BMKG,0.602,122.532
298,bmg2024cqgo,2024/02/07 08:33:46.108,0.180730938900000,123.549194299999996,4.046935054000001,MLv,140,43,85.735000610000000,"Minahassa Peninsula, Sulawesi",BMKG,0.181,123.549
299,bmg2024cqbk,2024/02/07 05:57:19.608,0.165659278600000,123.977424600000006,3.077214310000000,MLv,74,16,176.787036900000004,"Minahassa Peninsula, Sulawesi",BMKG,0.166,123.977
300,bmg2024cpum,2024/02/07 02:27:00.412,-2.461659193038940,121.173637390137003,2.843479545699090,MLv,10,18,92.622932434082003,"Sulawesi, Indonesia",BMKG,-2.462,121.174
301,bmg2024cptg,2024/02/07 01:49:52.732,-3.423794031143190,118.891326904297003,3.268890404087720,MLv,14,24,109.618362426757997,"Sulawesi, Indonesia",BMKG,-3.424,118.891
302,bmg2024cpqh,2024/02/07 00:20:35.903,-0.414298653602600,124.294685363770000,4.208844456075890,M,10,58,54.232254028320298,Southern Molucca Sea,BMKG,-0.414,124.295
303,bmg2024cpkv,2024/02/06 21:34:46.938,-0.259483516200000,124.216239900000005,3.120311835000000,M,10,14,150.845951100000008,Southern Molucca Sea,BMKG,-0.259,124.216
304,bmg2024cnxv,2024/02/06 01:52:49.822,-0.241432249500000,124.280181900000002,3.186925174000000,M,17,21,123.864688900000004,Southern Molucca Sea,BMKG,-0.241,124.280
305,bmg2024cnry,2024/02/05 22:54:05.613,0.341128766500000,122.239334099999994,3.555587522000000,MLv,151,42,73.391890529999998,"Minahassa Peninsula, Sulawesi",BMKG,0.341,122.239
306,bmg2024cnpq,2024/02/05 21:44:18.689,-0.346674978700000,124.351730300000000,3.414357249000000,MLv,30,25,69.370254520000003,Southern Molucca Sea,BMKG,-0.347,124.352
307,bmg2024cnlv,2024/02/05 19:48:20.340,-0.697124123600000,123.056556700000002,3.743058048000000,MLv,10,62,67.083160399999997,"Minahassa Peninsula, Sulawesi",BMKG,-0.697,123.057
308,bmg2024cmyf,2024/02/05 12:55:35.195,-0.258160352706909,124.294464111327997,3.342487778981960,MLv,30,18,156.625900268555000,Southern Molucca Sea,BMKG,-0.258,124.294
309,bmg2024cmxq,2024/02/05 12:38:49.734,-0.404495298900000,124.317665099999999,5.144459741471870,Mw(mB),43,180,30.649688720000000,Southern Molucca Sea,BMKG,-0.404,124.318
310,bmg2024cmtg,2024/02/05 10:25:17.820,0.704808473600000,121.350089999999994,5.035604161000000,mb,56,129,47.396869660000000,"Minahassa Peninsula, Sulawesi",BMKG,0.705,121.350
311,bmg2024cmgq,2024/02/05 04:03:17.464,0.544777333700000,125.373626700000003,3.690904401000000,MLv,11,51,49.156699420000002,Northern Molucca Sea,BMKG,0.545,125.374
312,bmg2024cmcb,2024/02/05 01:44:17.284,1.349588275000000,123.995086700000002,3.666205665000000,MLv,10,33,148.033893599999999,"Minahassa Peninsula, Sulawesi",BMKG,1.350,123.995
313,bmg2024clsc,2024/02/04 20:42:52.367,-0.797689020600000,121.914077800000001,2.985897633000000,MLv,10,38,35.012649539999998,"Minahassa Peninsula, Sulawesi",BMKG,-0.798,121.914
314,bmg2024ckmc,2024/02/04 04:32:38.614,0.954399943400000,122.958656300000001,2.281831911000000,MLv,16,8,174.957489000000010,"Minahassa Peninsula, Sulawesi",BMKG,0.954,122.959
315,bmg2024ckkm,2024/02/04 03:44:05.751,-0.356346160200000,124.461311300000006,3.841872098000000,MLv,22,29,130.887254200000001,Southern Molucca Sea,BMKG,-0.356,124.461
316,bmg2024cked,2024/02/04 00:31:42.379,-0.311403662000000,122.103668200000001,3.783305912000000,MLv,10,40,43.362571719999998,"Minahassa Peninsula, Sulawesi",BMKG,-0.311,122.104
317,bmg2024cjwo,2024/02/03 20:41:05.009,-0.404018938500000,124.299819900000003,4.908678970000000,MLv,10,90,33.268325810000000,Southern Molucca Sea,BMKG,-0.404,124.300
318,bmg2024cjci,2024/02/03 10:28:36.571,1.256597400000000,121.207260099999999,3.529713562000000,MLv,31,33,165.480758699999996,"Minahassa Peninsula, Sulawesi",BMKG,1.257,121.207
319,bmg2024cikf,2024/02/03 01:19:08.868,0.198544174400000,122.410362199999994,2.982983771000000,MLv,151,30,53.992828369999998,"Minahassa Peninsula, Sulawesi",BMKG,0.199,122.410
320,bmg2024ciie,2024/02/03 00:17:11.797,-0.089926034210000,123.225814799999995,3.438488357000000,MLv,132,44,65.194282529999995,"Minahassa Peninsula, Sulawesi",BMKG,-0.090,123.226
321,bmg2024chob,2024/02/02 14:07:26.248,-1.182418108000000,120.162902799999998,2.429138777000000,MLv,10,22,45.187820430000002,"Sulawesi, Indonesia",BMKG,-1.182,120.163
322,bmg2024chjz,2024/02/02 12:03:05.611,1.155842781000000,122.479896499999995,3.267852843000000,MLv,29,23,184.910278299999987,"Minahassa Peninsula, Sulawesi",BMKG,1.156,122.480
323,bmg2024chbg,2024/02/02 07:39:51.135,-0.101387366700000,124.595275900000004,2.743718105000000,MLv,12,17,100.779392200000004,Southern Molucca Sea,BMKG,-0.101,124.595
324,bmg2024chan,2024/02/02 07:17:03.876,-2.960729837000000,119.350799600000002,2.152129593000000,MLv,10,11,124.174346900000003,"Sulawesi, Indonesia",BMKG,-2.961,119.351
325,bmg2024cgzv,2024/02/02 06:56:29.963,-1.960598350000000,120.474411000000003,3.230283083000000,MLv,10,59,59.632263180000002,"Sulawesi, Indonesia",BMKG,-1.961,120.474
326,bmg2024cgux,2024/02/02 04:26:30.797,-4.192136288000001,122.559341399999994,2.681878743000000,MLv,10,19,114.473518400000003,"Sulawesi, Indonesia",BMKG,-4.192,122.559
327,bmg2024cgtp,2024/02/02 03:45:41.109,0.431562215100000,125.359306300000000,3.133607961000000,MLv,10,22,84.755912780000003,Northern Molucca Sea,BMKG,0.432,125.359
328,bmg2024cgda,2024/02/01 19:24:15.862,0.754212260200000,121.359306300000000,3.624153577000000,MLv,41,56,66.112731929999995,"Minahassa Peninsula, Sulawesi",BMKG,0.754,121.359
329,bmg2024cfru,2024/02/01 13:44:55.449,-0.098888285460000,123.559860200000003,3.456759178000000,M,85,41,76.701156620000006,"Minahassa Peninsula, Sulawesi",BMKG,-0.099,123.560
330,bmg2024cffv,2024/02/01 07:41:14.718,-1.873355389000000,122.627075199999993,3.433124784000000,MLv,10,25,149.262023900000003,"Sulawesi, Indonesia",BMKG,-1.873,122.627
331,bmg2024ceqw,2024/02/01 00:08:20.644,-2.929173470000000,119.646461500000001,2.846454326000000,M,10,31,68.770782470000000,"Sulawesi, Indonesia",BMKG,-2.929,119.646
332,bmg2024ggml,2024/03/29 22:19:33.216,-1.864803910255430,120.895973205565994,2.450290930985840,M,10,19,65.905746459960895,"Sulawesi, Indonesia",BMKG,-1.865,120.896
333,bmg2024ggko,2024/03/29 21:22:07.989,0.640121757984161,121.614471435547003,2.767123805408380,M,104,28,103.554832458495994,"Minahassa Peninsula, Sulawesi",BMKG,0.640,121.614
334,bmg2024gggp,2024/03/29 19:21:28.377,0.258692711591721,122.065673828124986,3.547718283621180,M,193,54,88.055725097656307,"Minahassa Peninsula, Sulawesi",BMKG,0.259,122.066
335,bmg2024gfkb,2024/03/29 07:58:55.458,-2.047039747238160,122.405883789062997,2.748736994316980,M,10,17,130.608695983887003,"Sulawesi, Indonesia",BMKG,-2.047,122.406
336,bmg2024gfjv,2024/03/29 07:51:37.553,1.148567080497740,121.794380187987997,2.586034687115300,M,10,13,197.646682739258011,"Minahassa Peninsula, Sulawesi",BMKG,1.149,121.794
337,bmg2024gfic,2024/03/29 06:58:44.149,-2.899577379226680,121.673606872559006,2.745313550780500,M,13,8,145.248115539551009,"Sulawesi, Indonesia",BMKG,-2.900,121.674
338,bmg2024gfde,2024/03/29 04:30:26.139,-1.820000000000000,119.420000000000002,2.214909175502360,M,10,9,159.560322933844986,"Sulawesi, Indonesia",BMKG,-1.820,119.420
339,bmg2024gewo,2024/03/29 01:08:48.632,-3.651920795440670,122.440574645995994,3.005398518687830,M,11,36,117.767177581786996,"Sulawesi, Indonesia",BMKG,-3.652,122.441
340,bmg2024gegn,2024/03/28 17:03:35.074,-0.544636726379395,120.788345336914006,2.737123572644060,M,10,32,68.414108276367202,"Minahassa Peninsula, Sulawesi",BMKG,-0.545,120.788
341,bmg2024gdyl,2024/03/28 12:58:01.850,-0.060705568641424,122.523612976074006,2.619732641347090,M,5,16,73.714607238769503,"Minahassa Peninsula, Sulawesi",BMKG,-0.061,122.524
342,bmg2024gdtl,2024/03/28 10:26:59.149,-0.711400032043457,121.746955871582003,3.169290229274330,M,8,29,60.935913085937507,"Minahassa Peninsula, Sulawesi",BMKG,-0.711,121.747
343,bmg2024gdfu,2024/03/28 03:32:58.149,-2.077442407608030,120.691673278809006,2.601868013396330,M,2,12,88.802005767822294,"Sulawesi, Indonesia",BMKG,-2.077,120.692
344,bmg2024gdfc,2024/03/28 03:12:00.893,0.699462890625000,121.702934265137003,2.880881383861560,M,44,13,117.251258850097997,"Minahassa Peninsula, Sulawesi",BMKG,0.699,121.703
345,bmg2024gcin,2024/03/27 15:47:28.157,0.288666039705277,122.149391174315994,3.112348311159830,M,169,27,104.953304290771001,"Minahassa Peninsula, Sulawesi",BMKG,0.289,122.149
346,bmg2024gald,2024/03/26 14:50:34.333,-2.108986616134640,119.713470458984006,2.837972945136710,M,3,32,80.036605834960895,"Sulawesi, Indonesia",BMKG,-2.109,119.713
347,bmg2024gaio,2024/03/26 13:31:58.593,0.037598170340061,123.793037414550994,4.612311077075180,M,116,55,91.926200866699205,"Minahassa Peninsula, Sulawesi",BMKG,0.038,123.793
348,bmg2024fzyo,2024/03/26 08:29:18.954,-4.352845191955570,122.647171020507997,3.348390180055720,M,7,25,110.398830413818004,"Sulawesi, Indonesia",BMKG,-4.353,122.647
349,bmg2024fzig,2024/03/26 00:15:02.354,-1.796945571899410,120.550056457520000,3.029859826132720,M,7,76,35.535079956054702,"Sulawesi, Indonesia",BMKG,-1.797,120.550
350,bmg2024fzhb,2024/03/25 23:38:58.150,-0.214936360716820,125.324394226074006,3.789170502717010,M,10,18,89.417736053466797,Southern Molucca Sea,BMKG,-0.215,125.324
351,bmg2024fzdf,2024/03/25 21:42:08.938,-1.636619806289670,120.354080200194986,3.790466965303920,M,3,57,30.573944091796900,"Sulawesi, Indonesia",BMKG,-1.637,120.354
352,bmg2024fyza,2024/03/25 19:35:10.735,1.174034833908080,120.600616455077997,3.236613439789940,M,3,27,125.364852905272997,"Minahassa Peninsula, Sulawesi",BMKG,1.174,120.601
353,bmg2024fyyq,2024/03/25 19:23:23.513,-4.094623088836670,121.857192993164006,2.435043308476800,M,8,13,113.390569686890004,"Sulawesi, Indonesia",BMKG,-4.095,121.857
354,bmg2024fyvc,2024/03/25 17:36:35.774,0.856626927852631,125.377372741699006,4.665596409353780,M,29,115,46.393682628870003,Northern Molucca Sea,BMKG,0.857,125.377
355,bmg2024fypx,2024/03/25 14:58:11.869,-2.656756401062010,121.480201721190994,2.537892192349780,M,7,17,112.709381103515994,"Sulawesi, Indonesia",BMKG,-2.657,121.480
356,bmg2024fyms,2024/03/25 13:21:38.367,-4.671057224273680,120.348472595215014,3.769305101574170,M,11,61,48.196807861328097,"Sulawesi, Indonesia",BMKG,-4.671,120.348
357,bmg2024fylg,2024/03/25 12:37:05.051,-1.573169708251950,120.218841552734006,4.348440094955900,M,5,72,23.219543457031300,"Sulawesi, Indonesia",BMKG,-1.573,120.219
358,bmg2024fyhk,2024/03/25 10:41:24.312,-0.172844976186752,123.119918823242003,2.963561498277130,M,58,21,99.865997314453111,"Minahassa Peninsula, Sulawesi",BMKG,-0.173,123.120
359,bmg2024fxoi,2024/03/25 01:02:45.116,-1.251391649246220,120.824821472167997,2.621064334792490,M,8,27,66.793968200683594,"Sulawesi, Indonesia",BMKG,-1.251,120.825
360,bmg2024fxnw,2024/03/25 00:48:11.156,-4.629886627197270,120.348365783690994,2.548896502185750,M,10,24,80.125343322753906,"Sulawesi, Indonesia",BMKG,-4.630,120.348
361,bmg2024fxkw,2024/03/24 23:17:31.888,-1.845755815505980,123.263549804687997,3.667704976602050,M,10,39,82.747924804687500,"Sulawesi, Indonesia",BMKG,-1.846,123.264
362,bmg2024fvrj,2024/03/24 00:18:57.027,-0.189337819814682,122.986160278320000,3.074340311487480,M,92,25,88.734153747558594,"Minahassa Peninsula, Sulawesi",BMKG,-0.189,122.986
363,bmg2024fvqi,2024/03/23 23:47:13.653,-0.213408499956131,123.030441284180000,4.733879129096830,M,104,137,31.633666992187500,"Minahassa Peninsula, Sulawesi",BMKG,-0.213,123.030
364,bmg2024fvax,2024/03/23 15:58:56.243,0.630175352096558,124.078887939452997,3.074968372962740,M,129,18,121.218833923340000,"Minahassa Peninsula, Sulawesi",BMKG,0.630,124.079
365,bmg2024fuga,2024/03/23 05:25:59.569,0.331710934638977,122.331916809082003,3.412329763277530,M,92,64,50.429025650024400,"Minahassa Peninsula, Sulawesi",BMKG,0.332,122.332
366,bmg2024fuca,2024/03/23 03:25:18.643,-0.281499564647675,123.102378845215014,3.553408531127530,M,73,60,47.674930572509801,"Minahassa Peninsula, Sulawesi",BMKG,-0.281,123.102
367,bmg2024ftjg,2024/03/22 17:56:34.134,0.510943591594696,121.059326171875014,2.614991009682630,M,64,20,107.085151672362997,"Minahassa Peninsula, Sulawesi",BMKG,0.511,121.059
368,bmg2024fthy,2024/03/22 17:17:02.439,-3.892821788787840,119.903297424315994,2.391961804735740,M,9,21,91.769500732421903,"Sulawesi, Indonesia",BMKG,-3.893,119.903
369,bmg2024fsml,2024/03/22 06:25:01.751,-0.057465497404337,123.311622619629006,2.464333475808720,M,132,17,115.394756317138999,"Minahassa Peninsula, Sulawesi",BMKG,-0.057,123.312
370,bmg2024fsby,2024/03/22 01:06:49.752,-2.448416709899900,121.078193664550994,2.865252959316360,M,10,15,92.229223251342802,"Sulawesi, Indonesia",BMKG,-2.448,121.078
371,bmg2024frzq,2024/03/21 23:57:01.520,-2.884729146957400,119.427665710449006,2.235443204824540,M,8,15,101.071332931518995,"Sulawesi, Indonesia",BMKG,-2.885,119.428
372,bmg2024frpb,2024/03/21 18:36:08.787,-4.376539707183840,122.809585571289006,3.877524767782290,M,6,66,122.255959510802995,"Sulawesi, Indonesia",BMKG,-4.377,122.810
373,bmg2024fqvc,2024/03/21 08:30:48.276,-2.158886432647710,120.895050048827997,3.386913473006050,M,6,59,37.244964599609403,"Sulawesi, Indonesia",BMKG,-2.159,120.895
374,bmg2024fpyo,2024/03/20 21:07:24.160,0.856294333934784,122.677803039550994,1.841924228017590,MLv,54,15,176.233436584472997,"Minahassa Peninsula, Sulawesi",BMKG,0.856,122.678
375,bmg2024fpxr,2024/03/20 20:40:32.068,-1.199833393096920,120.763931274414006,2.372837351744460,M,6,36,71.583290696144104,"Sulawesi, Indonesia",BMKG,-1.200,120.764
376,bmg2024fpoi,2024/03/20 15:57:01.807,-0.320999652147293,123.045196533202997,2.525962842495890,MLv,34,18,93.271060943603501,"Minahassa Peninsula, Sulawesi",BMKG,-0.321,123.045
377,bmg2024fpgb,2024/03/20 11:46:21.204,-0.758526980876923,123.639976501465014,3.166715339110530,M,6,29,115.169746398925994,"Minahassa Peninsula, Sulawesi",BMKG,-0.759,123.640
378,bmg2024foyt,2024/03/20 08:04:54.883,-1.218264937400820,120.727119445800994,2.984007904603500,M,3,41,51.862252235412598,"Sulawesi, Indonesia",BMKG,-1.218,120.727
379,bmg2024fowd,2024/03/20 06:45:49.520,0.736109137535095,121.522384643555014,2.520094170348900,M,29,19,85.044464111328097,"Minahassa Peninsula, Sulawesi",BMKG,0.736,121.522
380,bmg2024fonw,2024/03/20 02:34:50.907,-2.494750976562500,121.378959655762003,2.681544453031650,MLv,10,10,93.068367004394503,"Sulawesi, Indonesia",BMKG,-2.495,121.379
381,bmg2024fmlk,2024/03/18 23:04:04.265,-0.759667336940765,120.847915649414006,2.854508687484380,M,10,13,133.372406005859006,"Minahassa Peninsula, Sulawesi",BMKG,-0.760,120.848
382,bmg2024flkc,2024/03/18 09:15:56.470,0.210585609078407,122.164978027344006,2.680253971532610,M,170,28,69.227531433105497,"Minahassa Peninsula, Sulawesi",BMKG,0.211,122.165
383,bmg2024flfi,2024/03/18 06:51:46.204,0.285745233297348,121.457687377930000,2.825463785145770,M,151,23,91.929878234863295,"Minahassa Peninsula, Sulawesi",BMKG,0.286,121.458
384,bmg2024fkyi,2024/03/18 03:19:49.289,-2.435007095336910,120.988281250000000,2.718183892793630,M,10,20,79.400726318359403,"Sulawesi, Indonesia",BMKG,-2.435,120.988
385,bmg2024fjzc,2024/03/17 14:35:11.628,-0.017865475267172,124.775413513184006,3.709778411460260,M,12,30,78.358512878417997,Southern Molucca Sea,BMKG,-0.018,124.775
386,bmg2024fjce,2024/03/17 03:00:26.143,-1.614490985870360,120.089622497559006,2.578501031110170,M,10,15,129.310272216796989,"Sulawesi, Indonesia",BMKG,-1.614,120.090
387,bmg2024fipf,2024/03/16 20:26:41.066,-2.461189031600950,121.117385864257997,2.852449139233670,M,10,38,56.782073974609403,"Sulawesi, Indonesia",BMKG,-2.461,121.117
388,bmg2024fikp,2024/03/16 18:07:27.869,-0.878524661064148,122.068252563477003,3.265404589064470,M,10,58,44.697120666503899,"Minahassa Peninsula, Sulawesi",BMKG,-0.879,122.068
389,bmg2024fijx,2024/03/16 17:46:32.348,-0.886206090450287,122.072036743164006,3.519065078827640,M,10,66,44.997505187988303,"Minahassa Peninsula, Sulawesi",BMKG,-0.886,122.072
390,bmg2024fgni,2024/03/15 17:13:44.905,-0.854350388050079,121.563652038574006,3.187889005692190,M,10,126,33.183151245117202,"Minahassa Peninsula, Sulawesi",BMKG,-0.854,121.564
391,bmg2024ffru,2024/03/15 06:20:20.941,-4.081077098846440,121.035766601562997,2.685293433539350,M,10,24,77.266731262207003,"Sulawesi, Indonesia",BMKG,-4.081,121.036
392,bmg2024ffkt,2024/03/15 02:47:15.051,-2.580319166183470,120.772239685059006,2.914450940829030,M,10,27,102.138008117675994,"Sulawesi, Indonesia",BMKG,-2.580,120.772
393,bmg2024ffea,2024/03/14 23:22:53.783,0.330237865447998,119.670478820800994,3.437016477814860,M,10,47,129.428497314453011,"Minahassa Peninsula, Sulawesi",BMKG,0.330,119.670
394,bmg2024fens,2024/03/14 15:08:44.782,-2.054565668106080,120.790191650390994,2.562041935237660,M,3,29,74.581985473632798,"Sulawesi, Indonesia",BMKG,-2.055,120.790
395,bmg2024felp,2024/03/14 14:04:42.559,-2.489564895629880,120.944168090820000,2.537751984825010,M,10,28,51.764251708984403,"Sulawesi, Indonesia",BMKG,-2.490,120.944
396,bmg2024fekv,2024/03/14 13:42:06.460,-2.542558670043950,121.892662048340000,3.004530221734860,M,10,53,76.155025482177706,"Sulawesi, Indonesia",BMKG,-2.543,121.893
397,bmg2024fdaa,2024/03/13 19:06:05.730,-0.150837168097496,125.282615661620994,4.986094688141030,M,10,100,33.505565643310597,Southern Molucca Sea,BMKG,-0.151,125.283
398,bmg2024fczs,2024/03/13 18:56:16.619,-0.194896340370178,125.273582458495994,5.977111171492960,Mw(mB),36,167,33.142454147338903,Southern Molucca Sea,BMKG,-0.195,125.274
399,bmg2024fcet,2024/03/13 08:21:30.182,-0.079589352011681,124.033500671387003,3.971024680285730,M,89,44,49.567779541015597,Southern Molucca Sea,BMKG,-0.080,124.034
400,bmg2024fbyr,2024/03/13 05:16:45.587,1.397024750709530,122.276268005370994,3.320206581822980,M,10,22,242.470428466796989,"Minahassa Peninsula, Sulawesi",BMKG,1.397,122.276
401,bmg2024fbay,2024/03/12 17:17:07.612,-1.575659275054930,123.368644714354986,3.231618029914180,M,5,32,91.540046691894503,"Sulawesi, Indonesia",BMKG,-1.576,123.369
402,bmg2024faza,2024/03/12 16:18:44.086,-2.452614545822140,121.078430175780994,2.441948664477140,M,10,18,91.947200775146499,"Sulawesi, Indonesia",BMKG,-2.453,121.078
403,bmg2024faqf,2024/03/12 11:51:39.899,-2.552390575408940,120.226547241210994,2.571438367269210,M,10,25,96.056396484375014,"Sulawesi, Indonesia",BMKG,-2.552,120.227
404,bmg2024falh,2024/03/12 09:23:27.313,-1.375027060508730,120.482971191405994,2.195398832464760,M,10,12,83.089004516601605,"Sulawesi, Indonesia",BMKG,-1.375,120.483
405,bmg2024fald,2024/03/12 09:17:43.639,-1.337232470512390,120.470237731934006,2.322045161339420,M,10,17,74.016304016113295,"Sulawesi, Indonesia",BMKG,-1.337,120.470
406,bmg2024ezko,2024/03/11 19:52:39.952,-2.989063024520870,122.359909057617003,3.433749784090700,M,10,33,139.814765930176009,"Sulawesi, Indonesia",BMKG,-2.989,122.360
407,bmg2024ezby,2024/03/11 15:31:03.894,1.085076570510860,121.094055175780994,3.363882322738790,M,10,20,179.552749633789006,"Minahassa Peninsula, Sulawesi",BMKG,1.085,121.094
408,bmg2024eyyy,2024/03/11 14:00:16.839,-0.130186617374420,123.193748474120994,3.392394979714840,M,120,21,65.318439483642607,"Minahassa Peninsula, Sulawesi",BMKG,-0.130,123.194
409,bmg2024eyjs,2024/03/11 06:18:26.296,-0.555216729640961,119.794898986815994,2.636368244603910,M,10,14,123.228881835937997,"Minahassa Peninsula, Sulawesi",BMKG,-0.555,119.795
410,bmg2024ewwz,2024/03/10 10:45:17.892,-0.176086291670799,123.015373229980000,3.102063787920950,M,163,14,168.482559204101989,"Minahassa Peninsula, Sulawesi",BMKG,-0.176,123.015
411,bmg2024ewar,2024/03/09 23:27:59.336,1.423826336860660,118.935920715332003,3.550501484044250,M,10,16,123.861007690430000,Borneo,BMKG,1.424,118.936
412,bmg2024evze,2024/03/09 22:42:37.063,0.633888304233551,120.417755126952997,2.965847878246390,M,48,30,107.729576110840000,"Minahassa Peninsula, Sulawesi",BMKG,0.634,120.418
413,bmg2024evug,2024/03/09 20:13:34.878,-1.342355847358700,120.439018249512003,2.384764349541350,M,10,21,66.296120166778607,"Sulawesi, Indonesia",BMKG,-1.342,120.439
414,bmg2024evsp,2024/03/09 19:23:36.867,-2.673213005065920,121.166549682617003,2.731807692691870,M,10,20,170.959159851073991,"Sulawesi, Indonesia",BMKG,-2.673,121.167
415,bmg2024evsk,2024/03/09 19:18:07.341,-4.015077590942380,122.801467895507997,2.665130111254660,M,10,16,191.553283691405994,"Sulawesi, Indonesia",BMKG,-4.015,122.801
416,bmg2024evdi,2024/03/09 11:41:15.469,-1.804150462150570,121.235115051270000,3.608251780625550,M,10,46,63.462570190429702,"Sulawesi, Indonesia",BMKG,-1.804,121.235
417,bmg2024evay,2024/03/09 10:28:30.856,0.036951016634703,125.022796630859006,3.974098465887880,M,11,36,66.492028236389203,Northern Molucca Sea,BMKG,0.037,125.023
418,bmg2024euzz,2024/03/09 09:58:57.985,0.840352296829224,122.182327270507997,2.130338783760790,M,29,8,130.316791534423999,"Minahassa Peninsula, Sulawesi",BMKG,0.840,122.182
419,bmg2024etyn,2024/03/08 20:07:14.331,0.845324754714966,125.346611022949006,3.572188725880810,M,39,34,101.652908325194986,Northern Molucca Sea,BMKG,0.845,125.347
420,bmg2024etqa,2024/03/08 15:49:08.469,-0.064372383058071,123.709869384765994,4.257211336400740,M,108,50,71.444938659667997,"Minahassa Peninsula, Sulawesi",BMKG,-0.064,123.710
421,bmg2024etkl,2024/03/08 12:59:47.494,0.016121199354529,123.423355102539006,2.799429694326200,M,139,37,79.717689514160199,"Minahassa Peninsula, Sulawesi",BMKG,0.016,123.423
422,bmg2024etkb,2024/03/08 12:47:57.424,0.745063304901123,120.459594726562997,3.085382429113170,M,10,47,93.309585571289105,"Minahassa Peninsula, Sulawesi",BMKG,0.745,120.460
423,bmg2024esrt,2024/03/08 03:33:01.846,-0.696457326412201,122.270919799805014,3.951157562291080,M,10,89,40.463088989257798,"Minahassa Peninsula, Sulawesi",BMKG,-0.696,122.271
424,bmg2024esca,2024/03/07 19:37:09.420,0.707660794258118,122.592430114745994,2.139788628184160,M,15,12,117.970596313477003,"Minahassa Peninsula, Sulawesi",BMKG,0.708,122.592
425,bmg2024eruf,2024/03/07 15:39:54.826,-0.721069931983948,121.982299804687997,3.712521312329120,M,10,93,38.980895996093800,"Minahassa Peninsula, Sulawesi",BMKG,-0.721,121.982
426,bmg2024erso,2024/03/07 14:49:25.069,-2.451822042465210,121.085830688477003,2.444880814959130,M,10,10,135.664413452148011,"Sulawesi, Indonesia",BMKG,-2.452,121.086
427,bmg2024erse,2024/03/07 14:38:29.510,0.917515635490418,119.956069946289006,2.470838263050410,MLv,12,9,151.943267822265994,"Minahassa Peninsula, Sulawesi",BMKG,0.918,119.956
428,bmg2024eqnr,2024/03/06 23:14:05.950,0.331754356622696,121.952751159667997,2.236007885244080,M,92,20,76.323715209960895,"Minahassa Peninsula, Sulawesi",BMKG,0.332,121.953
429,bmg2024eqly,2024/03/06 22:20:52.866,-1.443143606185910,120.223663330077997,2.522018612451050,M,10,29,55.635620117187507,"Sulawesi, Indonesia",BMKG,-1.443,120.224
430,bmg2024eqgr,2024/03/06 19:41:21.117,-4.556288719177250,122.557075500487997,1.922509463138980,M,11,15,103.664995670319001,"Sulawesi, Indonesia",BMKG,-4.556,122.557
431,bmg2024eqah,2024/03/06 16:27:51.635,-0.416926473379135,124.388313293457003,3.169713172374350,M,10,26,115.450880050658995,Southern Molucca Sea,BMKG,-0.417,124.388
432,bmg2024epwd,2024/03/06 14:22:04.148,-0.405554592609406,124.316047668457003,4.326790157378351,M,10,97,33.721984863281300,Southern Molucca Sea,BMKG,-0.406,124.316
433,bmg2024epsg,2024/03/06 12:23:43.931,0.173698991537094,121.618659973145014,2.929331036413590,M,154,17,91.317611694335895,"Minahassa Peninsula, Sulawesi",BMKG,0.174,121.619
434,bmg2024epjz,2024/03/06 08:13:39.039,1.053889751434330,121.300514221190994,2.981637192168580,M,40,32,136.413185119628992,"Minahassa Peninsula, Sulawesi",BMKG,1.054,121.301
435,bmg2024eoyx,2024/03/06 02:37:58.920,0.781132340431213,121.486526489257997,3.129627492719680,M,28,38,84.451583862304702,"Minahassa Peninsula, Sulawesi",BMKG,0.781,121.487
436,bmg2024eovu,2024/03/06 01:03:51.907,0.496176213026047,121.962074279784986,2.792481822524720,M,104,30,78.157848358154311,"Minahassa Peninsula, Sulawesi",BMKG,0.496,121.962
437,bmg2024eovr,2024/03/06 01:00:00.577,-2.885540962219240,121.716934204102003,2.926554267132010,M,10,24,61.806320190429702,"Sulawesi, Indonesia",BMKG,-2.886,121.717
438,bmg2024eosy,2024/03/05 23:36:38.256,0.947488307952881,122.594322204590000,2.736715062961000,M,46,19,176.369140625000000,"Minahassa Peninsula, Sulawesi",BMKG,0.947,122.594
439,bmg2024eojm,2024/03/05 18:50:31.720,-2.855269432067870,121.718238830565994,2.952123291882930,M,10,46,48.340621948242202,"Sulawesi, Indonesia",BMKG,-2.855,121.718
440,bmg2024eoiv,2024/03/05 18:30:22.455,-2.414382934570310,120.855957031250000,2.636600031401340,M,10,36,52.320465087890597,"Sulawesi, Indonesia",BMKG,-2.414,120.856
441,bmg2024eoih,2024/03/05 18:13:34.210,-2.899952888488770,121.726593017577997,2.461684667465720,M,10,20,52.070755004882798,"Sulawesi, Indonesia",BMKG,-2.900,121.727
442,bmg2024eohz,2024/03/05 18:04:55.459,-0.154679328203201,123.115303039550994,3.541565412525600,M,146,56,63.280765533447301,"Minahassa Peninsula, Sulawesi",BMKG,-0.155,123.115
443,bmg2024eohx,2024/03/05 18:02:03.316,-0.111199691891670,122.843353271484006,2.817581193182930,M,174,34,57.309219598770099,"Minahassa Peninsula, Sulawesi",BMKG,-0.111,122.843
444,bmg2024eoej,2024/03/05 16:15:19.048,-0.713830709457398,122.390213012694986,2.637496345566330,M,10,24,60.407058715820298,"Minahassa Peninsula, Sulawesi",BMKG,-0.714,122.390
445,bmg2024emwg,2024/03/04 23:00:36.339,-2.869910955429080,122.119453430175994,3.290554438304190,M,10,32,122.472709655762003,"Sulawesi, Indonesia",BMKG,-2.870,122.119
446,bmg2024emuo,2024/03/04 22:10:16.410,-2.884170770645140,122.447578430175994,3.577347234270360,M,10,70,81.755264282226605,"Sulawesi, Indonesia",BMKG,-2.884,122.448
447,bmg2024emsc,2024/03/04 20:54:33.634,-2.824129581451420,121.775650024414006,3.202397371650830,M,10,76,50.001564025878899,"Sulawesi, Indonesia",BMKG,-2.824,121.776
448,bmg2024emrr,2024/03/04 20:41:56.205,-2.888610124588010,121.731613159180000,2.594258047111310,M,10,31,51.771621704101598,"Sulawesi, Indonesia",BMKG,-2.889,121.732
449,bmg2024emrp,2024/03/04 20:40:11.023,-2.842916488647460,121.729438781737997,3.332034946851850,M,10,79,48.236122131347699,"Sulawesi, Indonesia",BMKG,-2.843,121.729
450,bmg2024elwf,2024/03/04 09:52:02.128,-1.500021219253540,120.088508605957003,2.984992435048340,M,10,39,65.837081909179702,"Sulawesi, Indonesia",BMKG,-1.500,120.089
451,bmg2024elln,2024/03/04 04:27:25.747,-0.263571530580521,123.005546569824006,3.354247590738470,M,31,33,89.373046875000000,"Minahassa Peninsula, Sulawesi",BMKG,-0.264,123.006
452,bmg2024ekuz,2024/03/03 20:06:21.426,-0.612633943557739,123.234466552734006,2.883878755976660,M,10,19,93.257122039794893,"Minahassa Peninsula, Sulawesi",BMKG,-0.613,123.234
453,bmg2024ekop,2024/03/03 16:52:49.764,-2.852944850921630,121.749740600585994,3.689978358524860,M,10,66,50.611549377441399,"Sulawesi, Indonesia",BMKG,-2.853,121.750
454,bmg2024ehzq,2024/03/02 07:02:40.348,-0.066177025437355,119.532096862792997,3.021154676538640,M,10,25,97.563705444335895,"Minahassa Peninsula, Sulawesi",BMKG,-0.066,119.532
455,bmg2024ehyv,2024/03/02 06:38:35.217,-0.113718301057816,123.300636291504006,3.069983532169270,M,127,37,69.825942993164105,"Minahassa Peninsula, Sulawesi",BMKG,-0.114,123.301
456,bmg2024ehjr,2024/03/01 22:59:02.794,-0.293454259634018,123.026580810547003,2.500808122483700,M,53,13,142.479785919188998,"Minahassa Peninsula, Sulawesi",BMKG,-0.293,123.027
457,bmg2024egub,2024/03/01 15:05:19.518,-1.914206266403200,122.529884338379006,3.114740536890620,M,7,28,130.200393676758011,"Sulawesi, Indonesia",BMKG,-1.914,122.530
458,bmg2024egrw,2024/03/01 13:59:36.576,-2.909153699874880,119.468643188477003,3.086703651379120,M,10,58,71.657954692840605,"Sulawesi, Indonesia",BMKG,-2.909,119.469
459,bmg2024egos,2024/03/01 12:23:33.152,-0.055327028036118,124.407554626465014,3.948604985397840,M,15,59,37.198554992675803,Southern Molucca Sea,BMKG,-0.055,124.408
460,bmg2024eftu,2024/03/01 01:49:08.080,-1.999967575073240,120.774559020995994,2.755328939015260,M,10,26,76.996520996093807,"Sulawesi, Indonesia",BMKG,-2.000,120.775
