No,Event ID,Date time,Latitude,Longitude,Magnitude,Mag Type,Depth (km),Phase Count,Azimuth Gap,Location,Agency
1,bmg2024bxaz,2024-01-27T20:09:58.902514Z,-7.187849522,107.6360245,2.264447229,MLv,9,19,82.74404526,Java, Indonesia,BMKG
2,bmg2024bupd,2024-01-26T11:54:12.26408Z,-7.145415782928467,107.75772094726562,2.3773303088314246,MLv,10,21,65.89476013183594,Java, Indonesia,BMKG
3,bmg2024bucw,2024-01-26T05:42:41.390707Z,-6.74016571,106.5330811,2.213904168,MLv,10,21,68.15362549,Java, Indonesia,BMKG
4,bmg2024bubs,2024-01-26T05:06:51.070213Z,-5.875364304,105.932045,2.84160752,MLv,190,32,172.0245285,Sunda Strait, Indonesia,BMKG
5,bmg2024btuu,2024-01-26T01:37:43.757451Z,-6.725943565,106.53479,2.499324672,MLv,11,25,66.32613373,Java, Indonesia,BMKG
6,bmg2024brmj,2024-01-24T19:05:26.389959Z,-7.063717365,107.0816727,2.079033354,M,10,18,75.55448914,Java, Indonesia,BMKG
7,bmg2024bkio,2024-01-20T21:13:11.295781Z,-7.015955448,105.3581772,3.099883092,MLv,11,35,222.8805084,Java, Indonesia,BMKG
8,bmg2024bgrq,2024-01-18T21:15:34.670534Z,-6.725470543,106.5393906,2.319893943,MLv,10,17,102.1147537,Java, Indonesia,BMKG
9,bmg2024bbgt,2024-01-15T22:04:27.196703Z,-6.743562222,106.5507965,3.128122281,MLv,10,54,68.60368347,Java, Indonesia,BMKG
10,bmg2024axrj,2024-01-13T22:54:13.074598Z,-6.742434025,106.561264,2.921200057,MLv,10,33,68.09288025,Java, Indonesia,BMKG
11,bmg2024axpv,2024-01-13T22:07:52.002001Z,-6.735063076,106.5578384,2.903638875,MLv,10,41,66.66975403,Java, Indonesia,BMKG
12,bmg2024axmb,2024-01-13T20:13:36.868465Z,-6.748921871,106.5411301,3.557685253,MLv,10,49,70.01626587,Java, Indonesia,BMKG
13,bmg2024asql,2024-01-11T04:45:04.24438Z,-6.967778206,105.4295425,3.171137648,M,23,40,217.8510895,Sunda Strait, Indonesia,BMKG
14,bmg2024arlv,2024-01-10T13:17:25.627327Z,-6.828608036,107.9364777,2.889399731,M,10,40,88.90986252,Java, Indonesia,BMKG
15,bmg2024arfv,2024-01-10T10:15:19.910836Z,-6.703187466,106.5735855,2.363176594,M,18,14,90.4757843,Java, Indonesia,BMKG
16,bmg2024anil,2024-01-08T07:02:02.016806Z,-6.836732388,107.9599915,3.001512113,M,5,24,82.29764938,Java, Indonesia,BMKG
17,bmg2024angb,2024-01-08T05:50:14.50164Z,-6.809510231,107.9322357,2.622187681,MLv,12,23,105.7732658,Java, Indonesia,BMKG
18,bmg2024amtg,2024-01-07T23:21:24.287198Z,-7.060954571,105.3399353,3.551724324,MLv,10,42,225.6590271,Java, Indonesia,BMKG
19,bmg2024aijw,2024-01-05T14:04:48.052806Z,-6.725165367,106.5477142,2.777174687,MLv,10,26,105.1864777,Java, Indonesia,BMKG
20,bmg2024agfc,2024-01-04T09:23:58.752541Z,-6.803332329,107.9305191,2.347388139,MLv,15,19,100.839241,Java, Indonesia,BMKG
21,bmg2024agfb,2024-01-04T09:22:10.029838Z,-6.813941956,107.8849258,2.616228523,MLv,13,19,85.11762619,Java, Indonesia,BMKG
22,bmg2024agds,2024-01-04T08:41:51.95663Z,-6.810324669,107.945694,2.409083895,MLv,15,13,128.6725769,Java, Indonesia,BMKG
23,bmg2024afna,2024-01-04T00:15:49.921726Z,-7.223891735,107.6998672,3.186007088,MLv,10,54,69.68640137,Java, Indonesia,BMKG
24,bmg2024afkb,2024-01-03T22:44:29.094759Z,-7.148950577,105.5665054,3.140824367,MLv,14,16,250.8748779,Java, Indonesia,BMKG
25,bmg2024afbt,2024-01-03T18:33:34.660401Z,-6.825537682,107.9263992,2.397830938,M,15,17,88.82609177,Java, Indonesia,BMKG
26,bmg2024aehz,2024-01-03T08:34:31.659303Z,-6.75933218,107.941185,2.481294307,MLv,10,17,120.568306,Java, Indonesia,BMKG
27,bmg2024aegw,2024-01-03T08:00:25.185068Z,-6.486607075,106.0816727,3.309792146,MLv,128,35,81.97626781,Java, Indonesia,BMKG
28,bmg2024adis,2024-01-02T19:49:01.84659Z,-6.722068787,106.597168,2.093335147,MLv,15,19,116.3896484,Java, Indonesia,BMKG
29,bmg2024adgn,2024-01-02T18:42:09.166867Z,-6.792029381,107.9348831,2.370620813,MLv,10,19,104.0245056,Java, Indonesia,BMKG
30,bmg2024ackn,2024-01-02T07:35:23.400979Z,-6.794177055,107.9475403,2.733695219,MLv,10,33,101.8378754,Java, Indonesia,BMKG
31,bmg2024abbh,2024-01-01T13:46:48.334148Z,-6.814092159,107.9256668,4.501647536,MLv,7,80,93.30429077,Java, Indonesia,BMKG
32,bmg2024aaby,2024-01-01T00:59:21.802812Z,-6.966860771,107.1809235,3.887959258,MLv,163,77,51.86782837,Java, Indonesia,BMKG
33,bmg2024ecyp,2024-02-28T12:50:04.431555Z,-6.855815410614014,106.90914154052734,2.0085676213895187,M,38,11,83.16807556152344,Java, Indonesia,BMKG
34,bmg2024ecat,2024-02-28T00:48:07.199175Z,-6.760321140289307,107.68638610839844,2.7172540985034117,M,10,22,66.72093391418457,Java, Indonesia,BMKG
35,bmg2024ebpq,2024-02-27T19:10:12.268241Z,-6.705174446105957,105.89851379394531,2.662517346292241,M,73,34,73.21202087402344,Sunda Strait, Indonesia,BMKG
36,bmg2024dzwc,2024-02-26T20:09:49.951479Z,-6.755373001098633,107.62760162353516,2.89375389893608,M,12,20,80.83281707763672,Java, Indonesia,BMKG
37,bmg2024dthv,2024-02-23T06:08:40.685949Z,-6.931711196899414,105.58615112304688,2.3379440511848313,M,13,8,285.81681060791016,Sunda Strait, Indonesia,BMKG
38,bmg2024dpdu,2024-02-20T23:34:14.338794Z,-7.273375988006592,106.54923248291016,3.0816889470763607,M,44,43,101.18382263183594,Java, Indonesia,BMKG
39,bmg2024dpak,2024-02-20T21:51:27.489754Z,-6.977453231811523,105.39913177490234,3.295966963628505,M,28,30,220.10110473632812,Sunda Strait, Indonesia,BMKG
40,bmg2024dmox,2024-02-19T13:46:23.086248Z,-5.913745403289795,105.4033203125,3.680860028703732,M,128,85,128.27867889404297,Sunda Strait, Indonesia,BMKG
41,bmg2024dlap,2024-02-18T17:23:49.945387Z,-5.777748584747314,105.86359405517578,4.0892813448973646,M,187,102,76.40591049194336,Sunda Strait, Indonesia,BMKG
42,bmg2024dhsd,2024-02-16T21:43:39.278301Z,-7.197667121887207,107.68475341796875,2.327214646474245,M,11,19,96.95362854003906,Java, Indonesia,BMKG
43,bmg2024dgle,2024-02-16T05:04:27.841651Z,-6.994665622711182,106.72607421875,2.2474188671819668,MLv,16,26,81.65077209472656,Java, Indonesia,BMKG
44,bmg2024dfso,2024-02-15T19:40:04.921376Z,-6.735036373138428,106.14361572265625,2.1123285781400316,M,10,17,117.60137176513672,Java, Indonesia,BMKG
45,bmg2024decu,2024-02-14T22:33:55.615943Z,-6.672053813934326,105.79901885986328,2.456037707706755,M,18,24,113.9812469482422,Sunda Strait, Indonesia,BMKG
46,bmg2024cynq,2024-02-11T21:13:26.990177Z,-7.018456459,106.1380081,2.601342316,MLv,93,38,160.4217834,Java, Indonesia,BMKG
47,bmg2024cymp,2024-02-11T20:42:06.944223Z,-6.093000889,105.712326,3.602338675,MLv,149,62,134.3067398,Sunda Strait, Indonesia,BMKG
48,bmg2024cxqf,2024-02-11T09:22:53.643882Z,-6.979990959,105.5123291,3.653223462,M,24,52,215.5361176,Sunda Strait, Indonesia,BMKG
49,bmg2024cwyd,2024-02-11T00:15:44.056212Z,-7.155399323,106.6594772,2.867406433,MLv,80,46,86.7657547,Java, Indonesia,BMKG
50,bmg2024cvci,2024-02-10T00:05:44.191935Z,-6.993901252746582,106.66561126708984,2.2168019627289937,M,18,29,78.99217987060547,Java, Indonesia,BMKG
51,bmg2024cpil,2024-02-06T20:22:32.797357Z,-6.991653919,106.6751251,2.31556625,MLv,11,23,79.45591736,Java, Indonesia,BMKG
52,bmg2024cmbl,2024-02-05T01:25:24.016412Z,-6.78080225,107.0812531,3.371671356,MLv,10,108,86.22386932,Java, Indonesia,BMKG
53,bmg2024clln,2024-02-04T17:22:51.70663Z,-7.23989296,107.6322021,2.431217638,MLv,10,22,86.68890381,Java, Indonesia,BMKG
54,bmg2024cgto,2024-02-02T03:46:29.882486Z,-7.260397434,107.6363907,3.107339008,MLv,10,46,88.32551575,Java, Indonesia,BMKG
55,bmg2024gfws,2024-03-29T14:22:40.247685Z,-6.724088668823242,106.65523529052734,2.917618915642467,M,10,19,66.67477416992188,Java, Indonesia,BMKG
56,bmg2024gatk,2024-03-26T19:00:48.876455Z,-6.7335524559021,106.70127868652344,3.0402776738954986,M,10,29,59.14830207824707,Java, Indonesia,BMKG
57,bmg2024gaga,2024-03-26T12:15:12.804836Z,-7.260009765625,106.11148834228516,3.2883637181727257,M,28,36,208.102294921875,Java, Indonesia,BMKG
58,bmg2024fzea,2024-03-25T22:06:03.705647Z,-6.808433055877686,108.0964584350586,3.0439268425958397,M,5,30,45.29173278808594,Java, Indonesia,BMKG
59,bmg2024fybd,2024-03-25T07:30:59.641934Z,-6.949596881866455,105.47122192382812,3.2959402454880014,M,29,38,218.5010528564453,Sunda Strait, Indonesia,BMKG
60,bmg2024fert,2024-03-14T17:11:17.30479Z,-7.19691228866577,107.68356323242188,2.46610561624214,M,15,17,101.20960998535156,Java, Indonesia,BMKG
61,bmg2024etxz,2024-03-08T19:50:14.090939Z,-6.666298866271973,107.81360626220703,3.090305242374343,M,7,23,87.11808586120605,Java, Indonesia,BMKG
62,bmg2024erst,2024-03-07T14:56:01.11863Z,-6.746456623077393,106.62859344482422,2.4912096152364547,MLv,116,25,63.30713653564453,Java, Indonesia,BMKG
63,bmg2024eqjt,2024-03-06T21:14:36.940022Z,-7.202866077423096,107.6347885131836,2.4808410644823105,M,10,16,84.71004390716553,Java, Indonesia,BMKG
64,bmg2024eouw,2024-03-06T00:35:42.03946Z,-6.452816009521484,107.38038635253906,2.2272550804717892,MLv,10,10,137.162841796875,Java, Indonesia,BMKG
65,bmg2024ejls,2024-03-03T02:16:55.217425Z,-7.193397998809814,107.73582458496094,2.794598218130845,M,10,16,92.51557159423828,Java, Indonesia,BMKG
66,bmg2024ilcn,2024-04-29T22:03:50.134852Z,-7.107677459716797,105.34546661376953,3.52204854679029,M,5,43,224.07272338867188,Java, Indonesia,BMKG
67,bmg2024ikuw,2024-04-29T18:10:58.010401Z,-7.087382316589355,106.98058319091797,2.1121946919730372,M,14,27,95.96395874023438,Java, Indonesia,BMKG
68,bmg2024ikuu,2024-04-29T18:08:25.20195Z,-7.10810661315918,106.97589111328125,2.8922771533995295,M,11,32,101.29240417480469,Java, Indonesia,BMKG
69,bmg2024ihny,2024-04-27T23:16:33.386032Z,-7.159498691558838,105.35150146484375,3.223025886525227,M,5,35,234.6991424560547,Java, Indonesia,BMKG
70,bmg2024iguj,2024-04-27T13:22:58.623333Z,-6.841363906860352,107.0026626586914,3.0662161082046917,M,5,19,78.50016021728516,Java, Indonesia,BMKG
71,bmg2024igel,2024-04-27T05:21:19.44252Z,-6.629367351531982,107.95294952392578,3.284553980963699,M,300,50,77.09194564819336,Java, Indonesia,BMKG
72,bmg2024igcn,2024-04-27T04:22:44.11573Z,-7.16317367553711,105.3582992553711,4.72440199170035,M,10,32,209.77413177490234,Java, Indonesia,BMKG
73,bmg2024ibjy,2024-04-24T14:26:43.119024Z,-6.915008068084717,106.4352035522461,3.179895442481495,M,131,36,108.97616577148438,Java, Indonesia,BMKG
74,bmg2024heti,2024-04-12T05:03:45.121789Z,-7.24302864074707,107.64295959472656,2.5152736571262,M,10,15,105.788236618042,Java, Indonesia,BMKG
75,bmg2024hauq,2024-04-10T01:10:54.024107Z,-6.756255149841309,105.92947387695312,2.4074391416001526,M,61,20,73.02821350097656,Sunda Strait, Indonesia,BMKG
76,bmg2024gxpk,2024-04-08T07:07:59.533667Z,-7.232268810272217,107.64122772216797,2.7040746810618095,M,10,17,83.60354614257812,Java, Indonesia,BMKG
77,bmg2024gsad,2024-04-05T05:44:26.074429Z,-7.27846622467041,106.58013916015625,2.1268426567010934,M,39,17,128.92212677001953,Java, Indonesia,BMKG
78,bmg2024gmxf,2024-04-02T10:34:01.94475Z,-7.27699041366577,106.54556274414062,2.7855745995660874,M,47,29,105.11476135253906,Java, Indonesia,BMKG
79,bmg2024gkjv,2024-04-01T01:31:49.21821Z,-7.285343647003174,106.5483627319336,3.264173234776099,M,45,41,106.48627471923828,Java, Indonesia,BMKG
80,bmg2024gkhy,2024-04-01T00:35:21.480839Z,-7.078190803527832,105.8651123046875,3.013507662525928,M,10,27,197.78421020507812,Java, Indonesia,BMKG
81,bmg2024jzvk,2024-05-22T05:01:40.714066Z,-6.142913818359375,105.3931884765625,2.760481673480846,M,13,9,143.3946990966797,Sunda Strait, Indonesia,BMKG
82,bmg2024jxds,2024-05-20T17:49:42.406077Z,-6.982375144958496,106.62150573730469,2.6946076427120795,M,130,25,73.29505157470703,Java, Indonesia,BMKG
83,bmg2024jrvi,2024-05-17T19:54:53.612961Z,-6.807158946990967,107.93374633789062,3.46439708488836,MLv,10,77,70.39910888671875,Java, Indonesia,BMKG
84,bmg2024jnqw,2024-05-15T13:06:22.055254Z,-6.832714557647705,107.10484313964844,2.8209735459740544,M,10,35,68.68655014038086,Java, Indonesia,BMKG
85,bmg2024jnkd,2024-05-15T09:42:55.481899Z,-5.790206432342529,106.67417907714844,4.878883033046003,Mw(mB),263,227,35.13637924194336,Java, Indonesia,BMKG
86,bmg2024jign,2024-05-12T14:12:00.929074Z,-6.746182918548584,106.57487487792969,3.286049773861817,M,10,33,68.39273071289062,Java, Indonesia,BMKG
87,bmg2024jcgf,2024-05-09T07:14:17.589727Z,-6.768795967102051,106.6436538696289,3.357935222571065,M,10,51,55.43482971191406,Java, Indonesia,BMKG
88,bmg2024iooi,2024-05-01T19:25:51.813632Z,-6.990372180938721,106.25630187988281,2.1879680743121734,M,101,25,142.5229034423828,Java, Indonesia,BMKG
89,bmg2024iobc,2024-05-01T12:44:50.12869Z,-7.047462463378906,105.3727035522461,3.191128853661015,M,15,36,224.26692962646484,Java, Indonesia,BMKG
90,bmg2024ioaw,2024-05-01T12:37:36.687151Z,-7.054034233093262,105.35283660888672,3.8648358591587386,M,10,62,195.36712646484375,Java, Indonesia,BMKG
91,bmg2024injs,2024-05-01T03:57:30.664236Z,-6.438559055328369,107.30770111083984,2.836672970220185,M,10,25,80.936185836792,Java, Indonesia,BMKG
92,bmg2024inia,2024-05-01T03:06:11.494109Z,-7.134665012359619,107.55836486816406,4.1710436006638085,M,10,69,83.40336608886719,Java, Indonesia,BMKG
