No,Event ID,Date time,Latitude,Longitude,Magnitude,Mag Type,Depth (km),Phase Count,Azimuth Gap,Location,Agency
1,bmg2024ikwk,"2024-04-29T18:57:31,669523Z",1.49198579788208,126.854660034179,3.30095316520286,M,97,29,86.7752075195312,Northern Molucca Sea,BMKG
2,bmg2024ikvw,"2024-04-29T18:42:10,21051Z",-1.65707647800445,120.404022216796,2.34487400820807,M,5,38,41.8267951011657,"Sulawesi, Indonesia",BMKG
3,bmg2024iksy,"2024-04-29T17:12:44,996046Z",2.90651535987854,127.153587341308,3.55073983061208,M,35,23,145.885200500488,Northern Molucca Sea,BMKG
4,bmg2024iksh,"2024-04-29T16:53:03,138073Z",-2.32046794891357,120.816947937011,2.73655169316171,M,10,27,50.1688385009765,"Sulawesi, Indonesia",BMKG
5,bmg2024ikha,"2024-04-29T11:11:50,600314Z",-2.88303709030151,127.782020568847,3.995873046775,M,19,40,127.310119628906,Ceram Sea,BMKG
6,bmg2024ikcq,"2024-04-29T08:59:13,0005Z",-7.08563804626464,129.922058105468,4.49429963847719,M,164,30,77.4896850585937,Banda Sea,BMKG
7,bmg2024ijqy,"2024-04-29T03:03:47,745517Z",1.94470047950744,126.570587158203,4.42625732394559,M,10,53,78.799788236618,Northern Molucca Sea,BMKG
8,bmg2024ijmx,"2024-04-29T01:01:24,069035Z",-3.45805835723876,123.421546936035,3.83546739859947,M,10,42,115.280387878417,"Sulawesi, Indonesia",BMKG
9,bmg2024ijih,"2024-04-28T22:41:41,184236Z",-3.3757779598236,126.941970825195,4.35804456204242,M,10,43,87.9306106567382,"Buru, Indonesia",BMKG
10,bmg2024iilf,"2024-04-28T11:01:57,196146Z",4.49001550674438,124.364509582519,4.36164742011513,M,26,24,112.972076416015,Celebes Sea,BMKG
11,bmg2024iikh,"2024-04-28T10:33:47,053539Z",-2.48660254478454,120.994750976562,3.28450521187228,M,7,23,60.6220512390136,"Sulawesi, Indonesia",BMKG
12,bmg2024iifp,"2024-04-28T08:12:18,280941Z",-2.13190031051635,120.480247497558,3.00043574161347,M,6,19,83.4983520507812,"Sulawesi, Indonesia",BMKG
13,bmg2024iicm,"2024-04-28T06:37:54,709006Z",0.154840916395187,122.560203552246,3.35556429647308,M,250,54,48.6462097167968,"Minahassa Peninsula, Sulawesi",BMKG
14,bmg2024iiam,"2024-04-28T05:37:20,396737Z",4.16794633865356,125.866004943847,4.32241640661487,M,42,36,129.631233215332,"Talaud Islands, Indonesia",BMKG
15,bmg2024ihub,"2024-04-28T02:22:02,171458Z",0.0396238639950752,122.39086151123,2.97755326023416,M,174,43,46.9514007568359,"Minahassa Peninsula, Sulawesi",BMKG
16,bmg2024ihoo,"2024-04-27T23:35:49,774628Z",3.77104949951171,126.762741088867,3.70276043946453,M,16,16,157.383666992187,"Talaud Islands, Indonesia",BMKG
17,bmg2024ihmm,"2024-04-27T22:32:42,254055Z",1.40839481353759,125.770851135253,3.23024291402619,M,50,30,101.233352661132,Northern Molucca Sea,BMKG
18,bmg2024ihlo,"2024-04-27T22:05:12,107367Z",1.17231905460357,126.115577697753,3.08973324875391,M,31,21,127.947952270507,Northern Molucca Sea,BMKG
19,bmg2024ihjd,"2024-04-27T20:51:09,115499Z",-0.264745980501174,122.847908020019,3.59125512353554,M,79,68,57.8444747924804,"Minahassa Peninsula, Sulawesi",BMKG
20,bmg2024iheb,"2024-04-27T18:17:03,21609Z",-0.826481580734252,121.924156188964,2.51504674727639,M,10,36,54.9413795471191,"Minahassa Peninsula, Sulawesi",BMKG
21,bmg2024igwj,"2024-04-27T14:23:50,360676Z",-0.742485761642456,123.074028015136,2.9144323161494,M,10,31,67.2092514038086,"Minahassa Peninsula, Sulawesi",BMKG
22,bmg2024igpe,"2024-04-27T10:46:30,800193Z",-6.45036220550537,130.294128417968,4.85911420548652,Mw(mB),166,169,36.4271545410156,Banda Sea,BMKG
23,bmg2024igkl,"2024-04-27T08:23:10,947762Z",1.08130574226379,126.858184814453,3.14911985963221,M,10,13,166.111892700195,Northern Molucca Sea,BMKG
24,bmg2024igjb,"2024-04-27T07:40:24,537265Z",-0.74394142627716,123.071792602539,4.23844906361809,M,10,29,66.8296890258789,"Minahassa Peninsula, Sulawesi",BMKG
25,bmg2024iggy,"2024-04-27T06:36:57,119452Z",0.952119350433349,126.066665649414,3.82962368849288,M,5,19,99.0656509399414,Northern Molucca Sea,BMKG
26,bmg2024igdz,"2024-04-27T05:07:07,706179Z",0.626782119274139,122.325210571289,4.7099799411498,Mw(mB),91,135,51.787058353424,"Minahassa Peninsula, Sulawesi",BMKG
27,bmg2024igau,"2024-04-27T03:29:52,238066Z",0.41652512550354,126.242431640625,3.38526411185574,M,5,11,165.025161743164,Northern Molucca Sea,BMKG
28,bmg2024ifzw,"2024-04-27T03:02:00,621748Z",0.802510619163513,122.655044555664,3.2405282319795,M,14,9,157.155967712402,"Minahassa Peninsula, Sulawesi",BMKG
29,bmg2024ifnb,"2024-04-26T20:34:10,698189Z",-3.27383279800415,128.382080078125,2.5676867046932,M,5,13,103.543106079101,"Seram, Indonesia",BMKG
30,bmg2024ifii,"2024-04-26T18:10:05,411781Z",-2.96891164779663,128.954193115234,3.81449567172562,M,16,28,43.4661502838134,Ceram Sea,BMKG
31,bmg2024ifed,"2024-04-26T16:02:51,970598Z",-0.305322974920272,122.928771972656,3.57194844652542,M,40,28,82.4372215270996,"Minahassa Peninsula, Sulawesi",BMKG
32,bmg2024ifct,"2024-04-26T15:21:33,714561Z",1.58877992630004,122.292625427246,4.76806929897679,M,26,62,98.2107849121093,"Minahassa Peninsula, Sulawesi",BMKG
33,bmg2024ifbq,"2024-04-26T14:47:46,967437Z",-1.98325073719024,127.664993286132,4.45600693031831,M,12,44,102.538314819335,"Halmahera, Indonesia",BMKG
34,bmg2024iexi,"2024-04-26T12:36:34,135434Z",4.39880657196044,126.535545349121,3.40831414210901,M,22,16,213.934036254882,"Talaud Islands, Indonesia",BMKG
35,bmg2024iesm,"2024-04-26T10:09:32,74866Z",-1.73397147655487,120.124160766601,2.06975027622684,M,8,13,78.9412307739257,"Sulawesi, Indonesia",BMKG
36,bmg2024iesb,"2024-04-26T09:57:10,073666Z",-2.9028627872467,119.41616821289,2.85537242753677,M,2,25,72.1587233543396,"Sulawesi, Indonesia",BMKG
37,bmg2024iepe,"2024-04-26T08:29:37,620652Z",1.49711418151855,126.50089263916,3.49778810029332,M,26,28,80.5829772949218,Northern Molucca Sea,BMKG
38,bmg2024iekc,"2024-04-26T05:55:20,856864Z",0.332428663969039,128.198104858398,2.17393519859516,M,19,9,167.356292724609,"Halmahera, Indonesia",BMKG
39,bmg2024ieio,"2024-04-26T05:09:19,048694Z",3.67931652069091,126.720962524414,3.73775117272597,M,31,17,142.268814086914,"Talaud Islands, Indonesia",BMKG
40,bmg2024iegp,"2024-04-26T04:10:04,080691Z",-0.0296721924096345,122.068199157714,3.21074584002,M,256,44,44.3589324951171,"Minahassa Peninsula, Sulawesi",BMKG
41,bmg2024idzr,"2024-04-26T00:39:55,666906Z",-2.37414789199829,120.8941116333,3.95060033186533,M,1,72,29.4706726074218,"Sulawesi, Indonesia",BMKG
42,bmg2024idxs,"2024-04-25T23:39:05,793811Z",-0.000771466933656483,123.47410583496,2.69954456733342,M,135,18,120.790206909179,"Minahassa Peninsula, Sulawesi",BMKG
43,bmg2024idsr,"2024-04-25T21:07:37,316267Z",-5.69061517715454,130.000930786132,4.39573941114624,M,204,43,94.8456420898437,Banda Sea,BMKG
44,bmg2024iddb,"2024-04-25T13:14:31,630863Z",-3.30568313598632,128.376907348632,3.93025546088153,M,6,39,77.2196807861328,"Seram, Indonesia",BMKG
45,bmg2024icum,"2024-04-25T08:54:47,146426Z",-3.29533338546752,128.436172485351,4.64965394083358,M,1,76,47.3574523925781,"Seram, Indonesia",BMKG
46,bmg2024icqy,"2024-04-25T07:06:39,13854Z",-3.32164597511291,128.371994018554,3.63240998471891,M,8,35,111.382858276367,"Seram, Indonesia",BMKG
47,bmg2024icoe,"2024-04-25T05:42:51,126438Z",1.30654883384704,120.809394836425,3.80801090443729,M,96,30,168.880065917968,"Minahassa Peninsula, Sulawesi",BMKG
48,bmg2024ibyl,"2024-04-24T21:46:05,635634Z",-6.87671709060669,129.651580810546,4.31259358521687,M,111,14,104.969009399414,Banda Sea,BMKG
49,bmg2024ibre,"2024-04-24T18:05:26,532669Z",-2.63235974311828,121.684654235839,2.91024319181604,M,4,44,78.390209197998,"Sulawesi, Indonesia",BMKG
50,bmg2024ibpa,"2024-04-24T17:01:02,612834Z",0.168541550636291,122.5650100708,4.81316931182324,Mw(mB),146,220,37.3835144042968,"Minahassa Peninsula, Sulawesi",BMKG
51,bmg2024ibny,"2024-04-24T16:27:54,303085Z",-2.41156315803527,120.886566162109,2.93431943904043,M,5,38,45.7542572021484,"Sulawesi, Indonesia",BMKG
52,bmg2024ibng,"2024-04-24T16:07:11,431006Z",-0.122802130877971,124.481185913085,3.70799006616687,M,10,60,38.4590969085693,Southern Molucca Sea,BMKG
53,bmg2024ibgc,"2024-04-24T12:30:37,552298Z",-0.122888624668121,124.139549255371,4.2396796892073,M,55,54,42.3068237304687,Southern Molucca Sea,BMKG
54,bmg2024iazy,"2024-04-24T09:24:06,344106Z",4.36845016479492,126.33413696289,4.40001561600327,M,92,28,202.084365844726,"Talaud Islands, Indonesia",BMKG
55,bmg2024iakq,"2024-04-24T01:39:34,109359Z",-0.0613910891115665,123.340980529785,3.34200745714242,M,130,25,82.2081184387207,"Minahassa Peninsula, Sulawesi",BMKG
56,bmg2024hztc,"2024-04-23T16:48:15,382076Z",-0.814562857151031,127.415664672851,4.05700945361783,M,11,73,63.0205383300781,"Halmahera, Indonesia",BMKG
57,bmg2024hzry,"2024-04-23T16:13:22,062554Z",0.885281503200531,120.526252746582,3.47105901288849,M,10,56,104.111595153808,"Minahassa Peninsula, Sulawesi",BMKG
58,bmg2024hzhy,"2024-04-23T11:09:39,446369Z",-2.64432954788208,129.689956665039,3.87103352168731,M,10,32,46.4480590820312,"Seram, Indonesia",BMKG
59,bmg2024hzhp,"2024-04-23T10:59:13,449208Z",-1.2893990278244,120.464630126953,2.37185233159757,M,10,24,72.5149459838867,"Sulawesi, Indonesia",BMKG
60,bmg2024hyvg,"2024-04-23T04:44:35,056748Z",0.118367232382297,123.199661254882,2.68498549118398,M,203,26,102.144454956054,"Minahassa Peninsula, Sulawesi",BMKG
61,bmg2024hykx,"2024-04-22T23:31:48,47818Z",-4.04765605926513,128.703781127929,3.81397544880676,M,17,18,190.409942626953,Banda Sea,BMKG
62,bmg2024hykl,"2024-04-22T23:17:07,768244Z",2.14212298393249,126.684661865234,3.29549606961499,M,3,10,112.999305725097,Northern Molucca Sea,BMKG
63,bmg2024hygu,"2024-04-22T21:26:10,139928Z",1.23858821392059,126.816467285156,3.64523815392176,M,25,22,110.716217041015,Northern Molucca Sea,BMKG
64,bmg2024hydd,"2024-04-22T19:36:17,428654Z",-0.752185463905334,122.117050170898,4.0782066720646,M,5,67,30.4536590576171,"Minahassa Peninsula, Sulawesi",BMKG
65,bmg2024hxur,"2024-04-22T15:19:38,352758Z",-2.42754054069519,121.170982360839,3.32095418876908,M,2,39,57.4519882202148,"Sulawesi, Indonesia",BMKG
66,bmg2024hxrp,"2024-04-22T13:45:48,698025Z",0.504923820495605,126.316215515136,3.36572936159606,MLv,10,26,96.5784301757812,Northern Molucca Sea,BMKG
67,bmg2024hxmt,"2024-04-22T11:18:49,426932Z",0.673379778861999,123.88377380371,5.00822955569271,MLv,244,148,73.5971794128418,"Minahassa Peninsula, Sulawesi",BMKG
68,bmg2024hxfn,"2024-04-22T07:40:09,190418Z",-2.27805161476135,120.992523193359,3.5286960521766,M,10,49,53.2251815795898,"Sulawesi, Indonesia",BMKG
69,bmg2024hxbj,"2024-04-22T05:34:13,484305Z",-6.38242387771606,130.937438964843,4.94750318239967,M,116,118,57.8128280639648,Banda Sea,BMKG
70,bmg2024hwwk,"2024-04-22T03:03:13,922843Z",1.09366726875305,127.011291503906,4.70584257935867,M,11,93,55.741886138916,"Halmahera, Indonesia",BMKG
71,bmg2024hwtx,"2024-04-22T01:48:06,266299Z",-2.8529794216156,119.455574035644,2.83964429792119,M,10,20,71.4347229003906,"Sulawesi, Indonesia",BMKG
72,bmg2024hwhy,"2024-04-21T19:44:59,828041Z",-1.39496183395385,120.082092285156,2.37060270934078,M,10,17,67.4180145263671,"Sulawesi, Indonesia",BMKG
73,bmg2024hvya,"2024-04-21T14:45:02,70666Z",0.511123836040496,120.897140502929,3.72941324654882,M,63,49,83.0476379394531,"Minahassa Peninsula, Sulawesi",BMKG
74,bmg2024hvvw,"2024-04-21T13:39:37,924011Z",-6.36261892318725,130.023284912109,4.24709948446296,M,121,37,128.542648315429,Banda Sea,BMKG
75,bmg2024hvuc,"2024-04-21T12:45:51,703956Z",-0.175882533192634,122.726455688476,3.0004637264932,M,66,28,77.265380859375,"Minahassa Peninsula, Sulawesi",BMKG
76,bmg2024hvpg,"2024-04-21T10:18:08,12685Z",-0.604953527450561,127.811256408691,3.05285960879237,M,11,12,223.79052734375,"Halmahera, Indonesia",BMKG
77,bmg2024huwo,"2024-04-21T00:52:24,552106Z",-1.6199368238449,120.141860961914,2.61231807285991,M,10,18,73.8228759765625,"Sulawesi, Indonesia",BMKG
78,bmg2024huoj,"2024-04-20T20:43:24,064007Z",3.80509328842163,126.676391601562,3.52398960994502,M,30,21,136.75244140625,"Talaud Islands, Indonesia",BMKG
79,bmg2024hugc,"2024-04-20T16:33:33,679028Z",-0.375075191259384,123.583526611328,2.86849456006226,M,22,24,110.415164947509,"Minahassa Peninsula, Sulawesi",BMKG
80,bmg2024hubq,"2024-04-20T14:17:34,603406Z",0.348482966423034,122.026489257812,3.18990969296384,M,162,41,61.9712963104248,"Minahassa Peninsula, Sulawesi",BMKG
81,bmg2024htzn,"2024-04-20T13:13:17,907424Z",-0.376943290233612,123.715843200683,3.31952220189925,M,91,120,51.2217636108398,"Minahassa Peninsula, Sulawesi",BMKG
82,bmg2024htxo,"2024-04-20T12:14:38,107056Z",1.27265119552612,126.456481933593,3.36839909281636,M,150,36,99.0337867736816,Northern Molucca Sea,BMKG
83,bmg2024htwl,"2024-04-20T11:40:08,862328Z",0.456427335739135,126.301139831542,3.44609278827741,M,10,70,76.9467620849609,Northern Molucca Sea,BMKG
84,bmg2024htwf,"2024-04-20T11:33:18,911654Z",0.533058106899261,126.274848937988,3.58772643621153,M,53,72,75.6087799072265,Northern Molucca Sea,BMKG
85,bmg2024htio,"2024-04-20T04:39:18,110714Z",-4.46581840515136,129.523315429687,4.53757802006772,M,174,70,46.2345123291015,Banda Sea,BMKG
86,bmg2024htaq,"2024-04-20T00:39:01,758708Z",4.89841604232788,126.907684326171,4.42566553156469,M,53,65,168.963333129882,"Talaud Islands, Indonesia",BMKG
87,bmg2024hsog,"2024-04-19T18:24:22,082808Z",-2.82083821296691,122.294860839843,3.75188188541423,M,6,141,74.9414138793945,"Sulawesi, Indonesia",BMKG
88,bmg2024hrxo,"2024-04-19T09:58:15,007643Z",1.05439019203186,126.880241394042,3.33026423587368,M,20,19,120.005340576171,Northern Molucca Sea,BMKG
89,bmg2024hrsl,"2024-04-19T07:22:54,782156Z",-2.90654563903808,119.376388549804,3.3941294555477,MLv,10,62,69.2591247558593,"Sulawesi, Indonesia",BMKG
90,bmg2024hrpu,"2024-04-19T06:02:04,922623Z",1.50917339324951,124.896903991699,4.36497846760844,M,206,48,105.712531089782,"Minahassa Peninsula, Sulawesi",BMKG
91,bmg2024hree,"2024-04-19T00:10:14,82819Z",-3.28246402740478,123.469215393066,3.60950404053716,M,37,33,114.275527954101,"Sulawesi, Indonesia",BMKG
92,bmg2024hqjd,"2024-04-18T13:32:39,72661Z",0.891665279865264,119.341583251953,2.94472523284808,M,5,17,134.166549682617,"Minahassa Peninsula, Sulawesi",BMKG
93,bmg2024hpld,"2024-04-18T01:24:44,562891Z",1.46353244781494,126.980224609375,3.11536442520334,M,108,26,94.6403198242187,Northern Molucca Sea,BMKG
94,bmg2024hpcx,"2024-04-17T21:15:59,096869Z",2.7582733631134,125.705154418945,4.12099572198737,M,131,43,87.7785949707031,"Talaud Islands, Indonesia",BMKG
95,bmg2024hpbo,"2024-04-17T20:34:38,220709Z",1.59472453594207,124.340431213378,4.10528524874976,M,277,50,141.741474151611,"Minahassa Peninsula, Sulawesi",BMKG
96,bmg2024hpbf,"2024-04-17T20:24:20,959204Z",-0.772605001926422,121.632614135742,2.17684441785885,M,5,17,137.496250152587,"Minahassa Peninsula, Sulawesi",BMKG
97,bmg2024hpaz,"2024-04-17T20:17:10,448276Z",-2.81444644927978,129.308944702148,3.27174378210889,M,5,20,121.712793350219,"Seram, Indonesia",BMKG
98,bmg2024hoyt,"2024-04-17T19:09:52,271925Z",-0.784854054450988,121.639694213867,2.6603628676095,M,5,30,49.0325851440429,"Minahassa Peninsula, Sulawesi",BMKG
99,bmg2024hoof,"2024-04-17T13:50:24,905498Z",-1.0131938457489,121.292907714843,3.58045305212866,M,5,68,50.4090576171875,"Sulawesi, Indonesia",BMKG
100,bmg2024hona,"2024-04-17T13:13:56,903035Z",1.73230624198913,124.365974426269,4.04623136525641,M,272,28,145.182327270507,"Minahassa Peninsula, Sulawesi",BMKG
101,bmg2024hodt,"2024-04-17T08:32:31,291843Z",-2.53284263610839,121.464515686035,3.10446788388851,M,5,40,81.3023681640625,"Sulawesi, Indonesia",BMKG
102,bmg2024hocy,"2024-04-17T08:08:48,622137Z",2.34699988365173,125.377563476562,3.49562650801013,M,10,15,132.241784811019,"Talaud Islands, Indonesia",BMKG
103,bmg2024hnwm,"2024-04-17T04:52:24,233177Z",1.27481603622436,128.600402832031,4.09831512777314,M,13,38,135.370971679687,"Halmahera, Indonesia",BMKG
104,bmg2024hnrs,"2024-04-17T02:27:47,791847Z",-1.96684396266937,122.572853088378,3.9858029554728,M,5,54,92.9002075195312,"Sulawesi, Indonesia",BMKG
105,bmg2024hnpo,"2024-04-17T01:23:15,519191Z",-0.346821039915084,123.779006958007,4.22021695192441,M,102,51,100.145946502685,"Minahassa Peninsula, Sulawesi",BMKG
106,bmg2024hnlp,"2024-04-16T23:22:38,558785Z",2.36276888847351,128.373840332031,3.39365631319104,M,211,22,224.406005859375,"Halmahera, Indonesia",BMKG
107,bmg2024hndq,"2024-04-16T19:20:47,800332Z",-7.06083106994628,129.87449645996,4.22575045699693,M,179,20,62.8011474609375,Banda Sea,BMKG
108,bmg2024hmxi,"2024-04-16T16:10:22,568239Z",-2.44474411010742,120.77684020996,2.34395002966786,M,10,21,114.436363220214,"Sulawesi, Indonesia",BMKG
109,bmg2024hmta,"2024-04-16T13:59:14,353452Z",-0.216981828212738,122.850471496582,3.44128322649698,M,83,58,58.6459732055664,"Minahassa Peninsula, Sulawesi",BMKG
110,bmg2024hmox,"2024-04-16T11:54:35,147241Z",4.07468461990356,126.556823730468,3.39762050892346,M,35,13,179.074653625488,"Talaud Islands, Indonesia",BMKG
111,bmg2024hmbi,"2024-04-16T05:03:27,788275Z",-3.11184859275817,123.485687255859,3.32037224719609,M,33,20,188.775141358375,"Sulawesi, Indonesia",BMKG
112,bmg2024hlrs,"2024-04-16T00:11:18,908225Z",-1.09729647636413,129.627578735351,3.99330903514042,M,11,44,75.3898315429687,"Halmahera, Indonesia",BMKG
113,bmg2024hlpt,"2024-04-15T23:12:10,732595Z",-0.0717008560895919,122.959983825683,3.28017571245823,M,136,25,131.369842529296,"Minahassa Peninsula, Sulawesi",BMKG
114,bmg2024hlhb,"2024-04-15T18:48:53,656222Z",-2.44322276115417,121.109580993652,2.62613910838552,M,10,17,98.2865333557128,"Sulawesi, Indonesia",BMKG
115,bmg2024hlgu,"2024-04-15T18:40:28,53097Z",-2.46270060539245,121.134178161621,2.6976641122221,M,10,22,91.941177368164,"Sulawesi, Indonesia",BMKG
116,bmg2024hlgj,"2024-04-15T18:27:16,151007Z",-6.70869159698486,128.64842224121,4.13077994862674,M,24,36,116.032920837402,Banda Sea,BMKG
117,bmg2024hkmr,"2024-04-15T08:31:03,387262Z",-7.25485944747924,129.268859863281,4.43456155222601,M,166,29,55.9717559814453,Banda Sea,BMKG
118,bmg2024hkca,"2024-04-15T03:07:24,124039Z",1.3008142709732,126.202583312988,3.35427559056189,M,10,14,115.681655883789,Northern Molucca Sea,BMKG
119,bmg2024hjwn,"2024-04-15T00:21:29,323352Z",2.68500280380249,128.762741088867,3.45660375212156,M,23,13,247.1650390625,"Halmahera, Indonesia",BMKG
120,bmg2024hjhy,"2024-04-14T16:59:03,767036Z",-0.0921287983655929,123.142616271972,2.82290280236154,M,121,30,101.372272491455,"Minahassa Peninsula, Sulawesi",BMKG
121,bmg2024hjeg,"2024-04-14T15:06:55,339314Z",0.533422648906707,126.611000061035,4.27753367077076,M,15,20,78.474437713623,Northern Molucca Sea,BMKG
122,bmg2024hizd,"2024-04-14T12:31:46,093142Z",-3.96109318733215,128.431533813476,3.74117649216052,MLv,10,12,208.103981018066,"Seram, Indonesia",BMKG
123,bmg2024hiuw,"2024-04-14T10:22:28,535099Z",3.27028965950012,127.331535339355,3.46913773567287,M,55,9,180.449676513671,"Talaud Islands, Indonesia",BMKG
124,bmg2024hija,"2024-04-14T04:23:33,107944Z",-2.24760222434997,120.940040588378,3.06514898494945,M,10,52,40.6660003662109,"Sulawesi, Indonesia",BMKG
125,bmg2024hhzx,"2024-04-13T23:46:52,145717Z",-2.75138592720031,129.390533447265,4.04773670491045,M,10,32,52.3626098632812,"Seram, Indonesia",BMKG
126,bmg2024hhvw,"2024-04-13T21:45:28,525032Z",-2.75313782691955,129.43896484375,3.52112944325049,M,13,30,52.0828247070312,"Seram, Indonesia",BMKG
127,bmg2024hhvj,"2024-04-13T21:30:10,761951Z",-2.78068828582763,129.419387817382,3.45818439266718,M,12,26,55.7085647583007,"Seram, Indonesia",BMKG
128,bmg2024hhtf,"2024-04-13T20:24:06,215647Z",-2.51220965385437,121.236984252929,2.94030122247389,M,10,38,72.5701971054077,"Sulawesi, Indonesia",BMKG
129,bmg2024hhtd,"2024-04-13T20:22:22,988188Z",0.881284654140472,126.143211364746,3.04357232391857,M,10,20,136.706359863281,Northern Molucca Sea,BMKG
130,bmg2024hhta,"2024-04-13T20:17:47,659268Z",-0.562097012996673,120.063072204589,2.00140888126395,M,11,18,147.805252075195,"Minahassa Peninsula, Sulawesi",BMKG
131,bmg2024hhpz,"2024-04-13T18:46:49,790909Z",1.20648765563964,120.994163513183,2.82067433607637,M,10,24,212.982177734375,"Minahassa Peninsula, Sulawesi",BMKG
132,bmg2024hhok,"2024-04-13T17:58:51,895247Z",-0.135210663080215,123.262496948242,3.10939432346908,M,126,36,90.7713165283203,"Minahassa Peninsula, Sulawesi",BMKG
133,bmg2024hhoa,"2024-04-13T17:47:01,533131Z",2.53662919998168,126.939933776855,4.38322920608219,M,46,70,81.2980785369873,Northern Molucca Sea,BMKG
134,bmg2024hhnd,"2024-04-13T17:20:01,083285Z",-2.96557545661926,129.191360473632,4.41102238569739,M,10,70,31.4105377197265,"Seram, Indonesia",BMKG
135,bmg2024hhms,"2024-04-13T17:07:53,649698Z",2.19865632057189,126.726814270019,3.48631643476825,M,10,25,116.283584594726,Northern Molucca Sea,BMKG
136,bmg2024hhmf,"2024-04-13T16:52:47,489572Z",2.1881947517395,126.717620849609,3.06752546329911,M,10,15,157.081993103027,Northern Molucca Sea,BMKG
137,bmg2024hhlv,"2024-04-13T16:40:59,796226Z",2.16772937774658,126.637870788574,4.92149987962339,Mw(mB),63,272,50.8125419616699,Northern Molucca Sea,BMKG
138,bmg2024hhkn,"2024-04-13T16:01:33,636603Z",1.49117827415466,126.411155700683,3.80195865941132,M,21,36,63.4303483963012,Northern Molucca Sea,BMKG
139,bmg2024hhke,"2024-04-13T15:50:19,427233Z",1.30076611042022,126.160583496093,4.48341445610948,M,44,98,56.4080381393432,Northern Molucca Sea,BMKG
140,bmg2024hgro,"2024-04-13T06:26:38,122979Z",2.31645941734313,126.795440673828,5.025271965838,Mw(mB),69,249,29.7110023498535,Northern Molucca Sea,BMKG
141,bmg2024hgjl,"2024-04-13T02:20:42,978924Z",-2.84160232543945,129.45539855957,3.18296388950306,M,15,15,92.3861846923828,"Seram, Indonesia",BMKG
142,bmg2024hgim,"2024-04-13T01:51:12,612099Z",-2.78954076766967,129.447540283203,3.61088998206987,M,11,24,52.3971405029296,"Seram, Indonesia",BMKG
143,bmg2024hgil,"2024-04-13T01:49:31,434345Z",-2.80068445205688,129.465927124023,3.78844016489332,M,10,29,46.1944580078125,"Seram, Indonesia",BMKG
144,bmg2024hgia,"2024-04-13T01:37:18,412819Z",-2.81022572517395,129.443588256835,3.02277368172053,M,10,20,145.437339782714,"Seram, Indonesia",BMKG
145,bmg2024hghx,"2024-04-13T01:34:10,884624Z",1.90081596374511,127.138565063476,3.20760832196554,M,76,23,88.0109786987304,"Halmahera, Indonesia",BMKG
146,bmg2024hgfq,"2024-04-13T00:24:30,397894Z",-2.76694440841674,129.396514892578,4.25034140534702,M,11,41,41.3272705078125,"Seram, Indonesia",BMKG
147,bmg2024hgav,"2024-04-12T21:58:42,902105Z",2.81046986579895,127.233291625976,3.23548114995607,M,10,15,145.550910949707,Northern Molucca Sea,BMKG
148,bmg2024hgar,"2024-04-12T21:54:05,755622Z",-2.78031420707702,129.468460083007,3.57801180007104,M,15,27,54.7897109985351,"Seram, Indonesia",BMKG
149,bmg2024hfuf,"2024-04-12T18:38:45,749439Z",4.78043222427368,125.662406921386,3.92423580084647,M,159,20,231.782814025878,"Talaud Islands, Indonesia",BMKG
150,bmg2024hfrg,"2024-04-12T17:09:12,703019Z",-3.88727259635925,128.47264099121,4.03759676696958,M,10,41,135.93684387207,"Seram, Indonesia",BMKG
151,bmg2024hfhf,"2024-04-12T12:04:38,35738Z",0.234419286251068,119.864036560058,2.60208057203674,M,10,19,104.699172973632,"Minahassa Peninsula, Sulawesi",BMKG
152,bmg2024hffv,"2024-04-12T11:22:34,235673Z",-2.79983234405517,129.42626953125,3.67959530830618,M,14,31,54.2984313964843,"Seram, Indonesia",BMKG
153,bmg2024heyq,"2024-04-12T07:44:02,262132Z",0.796499073505401,122.102851867675,3.25938006032615,M,37,37,130.676284790039,"Minahassa Peninsula, Sulawesi",BMKG
154,bmg2024hewv,"2024-04-12T06:49:36,148067Z",0.458045125007629,122.087501525878,2.19125722766114,M,179,17,102.2900390625,"Minahassa Peninsula, Sulawesi",BMKG
155,bmg2024hesq,"2024-04-12T04:42:50,376222Z",-5.63042116165161,120.377059936523,1.7746998115933,M,25,12,108.98046875,"Sulawesi, Indonesia",BMKG
156,bmg2024hesm,"2024-04-12T04:37:52,766114Z",2.75767230987548,127.233207702636,3.29219959760316,M,10,14,142.40599822998,Northern Molucca Sea,BMKG
157,bmg2024hehn,"2024-04-11T23:05:44,443221Z",0.924745559692382,126.327438354492,3.48412027850453,M,11,30,84.1193122863769,Northern Molucca Sea,BMKG
158,bmg2024hdzq,"2024-04-11T19:06:43,175201Z",1.59018039703369,127.759460449218,2.84721587799335,M,10,14,152.293663024902,"Halmahera, Indonesia",BMKG
159,bmg2024hdzb,"2024-04-11T18:49:36,062631Z",-0.164302498102188,123.060104370117,3.14600703285701,M,102,46,83.0327224731445,"Minahassa Peninsula, Sulawesi",BMKG
160,bmg2024hdxz,"2024-04-11T18:15:30,068905Z",-2.80725002288818,129.418975830078,2.62986654537408,M,13,18,61.7289199829101,"Seram, Indonesia",BMKG
161,bmg2024hdxx,"2024-04-11T18:14:13,567301Z",-3.19964742660522,118.507286071777,2.33104909334975,M,18,18,263.795509338378,"Sulawesi, Indonesia",BMKG
162,bmg2024hdxo,"2024-04-11T18:04:03,912867Z",-2.92665767669677,129.494491577148,1.74869768416626,MLv,10,7,148.016044616699,"Seram, Indonesia",BMKG
163,bmg2024hdxn,"2024-04-11T18:02:36,428437Z",-2.761239528656,129.413940429687,2.92187320521988,M,10,18,95.8559112548828,"Seram, Indonesia",BMKG
164,bmg2024hdxh,"2024-04-11T17:55:05,272076Z",-2.84658503532409,129.407302856445,2.55665595439725,M,11,13,92.8081321716308,"Seram, Indonesia",BMKG
165,bmg2024hdwp,"2024-04-11T17:34:04,864473Z",3.81165981292724,126.864944458007,4.66527303404971,M,17,77,153.318939208984,"Talaud Islands, Indonesia",BMKG
166,bmg2024hdvs,"2024-04-11T17:08:09,82128Z",-2.75989484786987,129.441635131835,3.65853603166342,M,10,35,43.0751647949218,"Seram, Indonesia",BMKG
167,bmg2024hdvq,"2024-04-11T17:04:50,923453Z",-2.76811361312866,129.439224243164,3.69896519805367,M,11,45,52.5841522216796,"Seram, Indonesia",BMKG
168,bmg2024hdvo,"2024-04-11T17:02:53,360055Z",-2.9251525402069,129.44563293457,2.85067733839619,M,30,22,64.0722427368164,"Seram, Indonesia",BMKG
169,bmg2024hdvn,"2024-04-11T17:01:33,345377Z",1.22223079204559,126.780410766601,3.34094760565988,M,14,34,67.6693420410156,Northern Molucca Sea,BMKG
170,bmg2024hdva,"2024-04-11T16:46:19,418359Z",-2.77672433853149,129.408706665039,4.09749243576431,M,10,41,42.3975677490234,"Seram, Indonesia",BMKG
171,bmg2024hdul,"2024-04-11T16:29:31,993107Z",-0.0781813040375709,123.257736206054,2.84328083271881,M,136,27,89.6032600402832,"Minahassa Peninsula, Sulawesi",BMKG
172,bmg2024hduj,"2024-04-11T16:26:23,986915Z",-2.78377485275268,129.401229858398,3.04620898138749,M,10,22,95.0718383789062,"Seram, Indonesia",BMKG
173,bmg2024hduc,"2024-04-11T16:18:37,581359Z",-2.74468493461608,129.40852355957,3.82196999887766,M,10,36,53.9900512695312,"Seram, Indonesia",BMKG
174,bmg2024hdtm,"2024-04-11T16:00:34,81838Z",-2.75767707824707,129.405014038085,3.20953607790244,M,10,21,95.976806640625,"Seram, Indonesia",BMKG
175,bmg2024hdte,"2024-04-11T15:50:22,711803Z",-2.77917861938476,129.393814086914,4.89548863967165,M,10,54,41.7999420166015,"Seram, Indonesia",BMKG
176,bmg2024hdnt,"2024-04-11T13:06:18,273017Z",2.79016423225402,127.387771606445,4.42571101500137,M,25,61,154.142219543457,Northern Molucca Sea,BMKG
177,bmg2024hdix,"2024-04-11T10:39:26,869498Z",-2.78791379928588,129.444564819335,2.87442011366857,M,10,21,76.4711685180664,"Seram, Indonesia",BMKG
178,bmg2024hdip,"2024-04-11T10:29:45,736908Z",-2.77105140686035,129.439239501953,4.1752391437166,M,10,48,43.5191192626953,"Seram, Indonesia",BMKG
179,bmg2024hcxp,"2024-04-11T04:56:24,729045Z",2.78953123092651,125.474601745605,3.89995574809628,M,172,34,120.000978767871,"Talaud Islands, Indonesia",BMKG
180,bmg2024hcsa,"2024-04-11T02:07:48,932121Z",2.87357759475708,127.235549926757,4.2457898991346,M,18,37,149.42153930664,Northern Molucca Sea,BMKG
181,bmg2024hclr,"2024-04-10T22:54:55,162228Z",1.85305571556091,127.423370361328,3.21344919853186,M,113,30,87.4242553710937,"Halmahera, Indonesia",BMKG
182,bmg2024hchl,"2024-04-10T20:46:53,547422Z",1.92583227157592,121.462028503417,2.70450410923254,M,23,16,264.597335815429,"Minahassa Peninsula, Sulawesi",BMKG
183,bmg2024hchg,"2024-04-10T20:41:04,623389Z",0.0649730712175369,120.538681030273,2.57908956071303,M,78,32,51.2389831542968,"Minahassa Peninsula, Sulawesi",BMKG
184,bmg2024hchc,"2024-04-10T20:36:36,354996Z",-0.553998887538909,123.444915771484,2.77379958225223,M,10,18,103.816539764404,"Minahassa Peninsula, Sulawesi",BMKG
185,bmg2024hcdi,"2024-04-10T18:42:19,688097Z",2.31496524810791,128.902481079101,3.37494673869459,M,10,16,196.14631652832,"Halmahera, Indonesia",BMKG
186,bmg2024hbzi,"2024-04-10T16:41:27,715516Z",-0.0106998477131128,124.546997070312,4.04585209667125,M,23,52,43.652322769165,Southern Molucca Sea,BMKG
187,bmg2024hbxd,"2024-04-10T15:34:23,779518Z",0.403423696756362,124.930213928222,3.59904939193628,M,27,30,75.1152877807617,"Minahassa Peninsula, Sulawesi",BMKG
188,bmg2024hbxa,"2024-04-10T15:31:16,208299Z",-0.316456764936447,124.412391662597,3.16149191942501,M,10,19,126.011737823486,Southern Molucca Sea,BMKG
189,bmg2024hbwi,"2024-04-10T15:10:02,568252Z",-1.27390038967132,120.512458801269,2.49872653414093,M,10,21,82.4959640502929,"Sulawesi, Indonesia",BMKG
190,bmg2024hbuf,"2024-04-10T14:06:10,968721Z",4.30677080154418,126.892913818359,4.53982287138248,M,36,49,161.96630859375,"Talaud Islands, Indonesia",BMKG
191,bmg2024hbsn,"2024-04-10T13:15:05,314276Z",0.85763931274414,126.09398651123,3.17750829335154,M,10,15,152.461311340332,Northern Molucca Sea,BMKG
192,bmg2024hbnw,"2024-04-10T10:53:54,41558Z",2.74839258193969,127.21947479248,3.37628804146483,M,10,18,141.019470214843,Northern Molucca Sea,BMKG
193,bmg2024hbmi,"2024-04-10T10:07:12,799339Z",1.49808156490325,126.313522338867,3.41103410098536,M,10,29,84.9691009521484,Northern Molucca Sea,BMKG
194,bmg2024hbgs,"2024-04-10T07:16:56,109025Z",1.3946578502655,124.706970214843,3.84168031699976,M,228,40,107.128866195678,"Minahassa Peninsula, Sulawesi",BMKG
195,bmg2024hbff,"2024-04-10T06:30:40,605492Z",2.79087138175964,127.185569763183,3.55571541565713,M,10,25,141.41909790039,Northern Molucca Sea,BMKG
196,bmg2024hbcp,"2024-04-10T05:11:26,201113Z",3.62367010116577,128.029891967773,4.25775908888431,M,29,33,203.87075805664,"North of Halmahera, Indonesia",BMKG
197,bmg2024hazk,"2024-04-10T03:34:44,669188Z",0.873185038566589,127.659996032714,2.57155235206347,M,10,19,67.7434844970703,"Halmahera, Indonesia",BMKG
198,bmg2024haxj,"2024-04-10T02:33:20,707959Z",-1.68035006523132,120.141090393066,2.48730484329218,M,10,24,43.33203125,"Sulawesi, Indonesia",BMKG
199,bmg2024hawg,"2024-04-10T01:59:29,641996Z",-1.32782924175262,120.48346710205,2.8446258213603,M,10,41,73.8594818115234,"Sulawesi, Indonesia",BMKG
200,bmg2024haqp,"2024-04-09T23:08:41,247775Z",-2.46529817581176,120.989906311035,3.54796960472252,M,10,52,35.6995773315429,"Sulawesi, Indonesia",BMKG
201,bmg2024haqn,"2024-04-09T23:06:18,331672Z",-2.89506793022155,128.82373046875,2.24999359895633,MLv,10,11,191.874740600585,Ceram Sea,BMKG
202,bmg2024hakh,"2024-04-09T19:56:54,061634Z",-2.76924395561218,129.420211791992,2.78262495697434,M,10,17,95.5797424316406,"Seram, Indonesia",BMKG
203,bmg2024hajx,"2024-04-09T19:44:57,990675Z",-2.7686812877655,129.452560424804,4.49357821316521,M,10,83,39.3722534179687,"Seram, Indonesia",BMKG
204,bmg2024hajq,"2024-04-09T19:37:27,131651Z",2.74702429771423,127.214706420898,3.18596634292976,M,10,16,140.650360107421,Northern Molucca Sea,BMKG
205,bmg2024hajb,"2024-04-09T19:19:55,66407Z",-1.94039666652679,120.55354309082,2.31933975169628,M,10,15,161.648803710937,"Sulawesi, Indonesia",BMKG
206,bmg2024hagj,"2024-04-09T17:58:13,431103Z",2.79285025596618,127.188491821289,3.92245059355861,M,10,30,141.71418762207,Northern Molucca Sea,BMKG
207,bmg2024hafv,"2024-04-09T17:41:21,508565Z",0.399431675672531,121.727348327636,1.97373561115867,M,166,16,100.680450439453,"Minahassa Peninsula, Sulawesi",BMKG
208,bmg2024haft,"2024-04-09T17:39:24,113178Z",0.302636891603469,122.200042724609,2.10171692523584,M,154,15,103.481781005859,"Minahassa Peninsula, Sulawesi",BMKG
209,bmg2024haez,"2024-04-09T17:15:47,412567Z",2.77944254875183,127.198463439941,3.62107682773236,M,10,29,141.556823730468,Northern Molucca Sea,BMKG
210,bmg2024haen,"2024-04-09T17:02:32,424755Z",2.79221177101135,127.238395690917,3.65038866841028,M,10,26,144.787246704101,Northern Molucca Sea,BMKG
211,bmg2024haei,"2024-04-09T16:56:25,19304Z",0.336169093847274,125.160530090332,3.11233353039523,M,14,24,115.69261932373,Northern Molucca Sea,BMKG
212,bmg2024hacy,"2024-04-09T16:14:22,766168Z",-4.12247657775878,128.660827636718,2.80792211795049,M,10,15,142.964431762695,Banda Sea,BMKG
213,bmg2024hacn,"2024-04-09T16:01:46,551513Z",-2.88447260856628,119.484054565429,2.39098428185259,M,10,19,101.018886566162,"Sulawesi, Indonesia",BMKG
214,bmg2024gzxa,"2024-04-09T13:14:45,181527Z",1.13267171382904,126.81037902832,3.60301052922127,M,43,35,56.9443092346191,Northern Molucca Sea,BMKG
215,bmg2024gzvn,"2024-04-09T12:28:40,499186Z",2.75819420814514,127.222297668457,3.31748576311038,M,10,15,141.771591186523,Northern Molucca Sea,BMKG
216,bmg2024gzvg,"2024-04-09T12:21:09,330592Z",2.77801728248596,127.185012817382,3.3329792644206,M,19,16,140.646560668945,Northern Molucca Sea,BMKG
217,bmg2024gzvb,"2024-04-09T12:15:27,053887Z",-0.0292088966816663,124.350547790527,4.08224501130186,M,23,41,58.8825454711914,Southern Molucca Sea,BMKG
218,bmg2024gzrv,"2024-04-09T10:37:26,857658Z",2.81572842597961,127.181915283203,3.78182906231278,M,11,27,142.612968444824,Northern Molucca Sea,BMKG
219,bmg2024gzqy,"2024-04-09T10:10:18,228824Z",2.84249210357666,127.307975769042,3.82402503748835,M,10,13,152.282707214355,Northern Molucca Sea,BMKG
220,bmg2024gzqf,"2024-04-09T09:48:02,766283Z",2.85207509994506,127.146598815917,6.61714999998982,Mw(mB),36,205,62.2523536682128,Northern Molucca Sea,BMKG
221,bmg2024gzgo,"2024-04-09T04:56:11,847746Z",-1.25961649417877,121.2232131958,3.03342111713133,M,10,31,101.982536315917,"Sulawesi, Indonesia",BMKG
222,bmg2024gzfj,"2024-04-09T04:19:56,306425Z",3.64467906951904,126.789848327636,3.84434686348021,M,20,12,152.370086669921,"Talaud Islands, Indonesia",BMKG
223,bmg2024gyoa,"2024-04-08T19:33:20,980025Z",0.320800483226776,122.000770568847,2.2893522110973,M,174,19,70.7556076049804,"Minahassa Peninsula, Sulawesi",BMKG
224,bmg2024gynt,"2024-04-08T19:25:07,733567Z",1.68972980976104,125.966171264648,3.29422254604156,M,24,29,60.6649951934814,Northern Molucca Sea,BMKG
225,bmg2024gyjo,"2024-04-08T17:17:59,941992Z",-2.7946228981018,127.926071166992,4.7539469325824,M,14,82,75.0611267089843,Ceram Sea,BMKG
226,bmg2024gydc,"2024-04-08T14:02:16,318417Z",0.232011660933494,122.337272644042,3.85028275444237,M,158,43,60.6037244796752,"Minahassa Peninsula, Sulawesi",BMKG
227,bmg2024gyah,"2024-04-08T12:37:43,838567Z",1.36064982414245,126.853660583496,3.32148655975356,M,11,18,106.307266235351,Northern Molucca Sea,BMKG
228,bmg2024gxyn,"2024-04-08T11:43:53,519969Z",0.664778292179107,129.301849365234,4.00971130023393,M,10,25,147.054527282714,"Halmahera, Indonesia",BMKG
229,bmg2024gxok,"2024-04-08T06:37:44,385231Z",-6.36888122558593,130.919769287109,4.54311940411976,M,10,21,146.760177612304,Banda Sea,BMKG
230,bmg2024gxfd,"2024-04-08T01:55:44,408558Z",-3.38649153709411,124.037658691406,3.08144569126549,M,27,13,211.780303955078,Ceram Sea,BMKG
231,bmg2024gxeh,"2024-04-08T01:30:07,747192Z",-3.34308886528015,123.438674926757,4.0014966165988,M,15,42,145.158241271972,"Sulawesi, Indonesia",BMKG
232,bmg2024gxdj,"2024-04-08T01:02:59,147194Z",4.41544723510742,127.579711914062,4.63492837479972,M,66,35,223.64305114746,"Talaud Islands, Indonesia",BMKG
233,bmg2024gwzo,"2024-04-07T23:07:08,452723Z",3.31894135475158,127.291679382324,3.73704482553763,M,21,19,180.709274291992,"Talaud Islands, Indonesia",BMKG
234,bmg2024gwsk,"2024-04-07T19:30:27,209979Z",-2.49220824241638,119.073692321777,3.25786624035957,M,10,35,157.635541915893,"Sulawesi, Indonesia",BMKG
235,bmg2024gwqj,"2024-04-07T18:28:49,766387Z",-6.8759913444519,130.587768554687,4.35271112099162,M,139,40,67.2941970825195,Banda Sea,BMKG
236,bmg2024gwog,"2024-04-07T17:23:50,38325Z",1.51726460456848,126.46401977539,4.08182204059578,M,10,45,64.7470331192016,Northern Molucca Sea,BMKG
237,bmg2024gwnk,"2024-04-07T16:59:02,538097Z",-3.68104124069213,128.813507080078,3.65056886103675,M,117,27,100.020568847656,"Seram, Indonesia",BMKG
238,bmg2024gwnc,"2024-04-07T16:49:40,760146Z",-3.23236584663391,123.372978210449,2.79904041835132,M,10,12,181.514498233795,"Sulawesi, Indonesia",BMKG
239,bmg2024gwlj,"2024-04-07T15:56:23,873135Z",0.92836332321167,126.624549865722,2.8905257982766,M,12,19,108.377609252929,Northern Molucca Sea,BMKG
240,bmg2024gwhx,"2024-04-07T14:12:20,611439Z",-3.27787399291992,123.395164489746,3.82871332279288,M,24,45,111.41958618164,"Sulawesi, Indonesia",BMKG
241,bmg2024gwha,"2024-04-07T13:44:39,226603Z",-1.94249808788299,120.375411987304,2.44911989293911,M,10,23,52.1333312988281,"Sulawesi, Indonesia",BMKG
242,bmg2024gvxv,"2024-04-07T09:06:59,908814Z",-3.2596583366394,123.411170959472,3.86783001970527,M,38,34,111.71622467041,"Sulawesi, Indonesia",BMKG
243,bmg2024gvuj,"2024-04-07T07:21:53,68643Z",-3.32167148590087,123.308357238769,3.9853392830549,M,11,44,94.8142013549804,"Sulawesi, Indonesia",BMKG
244,bmg2024gvsj,"2024-04-07T06:21:29,059076Z",1.28556776046752,128.870452880859,3.00722045361161,M,10,13,247.580245971679,"Halmahera, Indonesia",BMKG
245,bmg2024gvpy,"2024-04-07T05:07:55,553867Z",-3.17943882942199,123.301177978515,3.5101789078388,M,10,34,92.8388366699218,"Sulawesi, Indonesia",BMKG
246,bmg2024gvng,"2024-04-07T03:45:34,984258Z",0.835925042629242,120.458190917968,3.57024804328062,M,10,34,126.482185363769,"Minahassa Peninsula, Sulawesi",BMKG
247,bmg2024gvjw,"2024-04-07T02:03:21,804117Z",-3.28029894828796,123.325820922851,4.0918040228046,M,10,33,108.892311096191,"Sulawesi, Indonesia",BMKG
248,bmg2024gviu,"2024-04-07T01:30:21,108135Z",0.789255440235138,120.51773071289,3.11523271248257,M,10,16,115.26125717163,"Minahassa Peninsula, Sulawesi",BMKG
249,bmg2024gvhz,"2024-04-07T01:06:42,402773Z",-3.43132519721984,123.706718444824,3.70652198831386,M,15,30,207.0517578125,"Sulawesi, Indonesia",BMKG
250,bmg2024gvbe,"2024-04-06T21:39:30,783515Z",-0.475448191165924,122.385391235351,3.49654454026655,M,10,39,73.6492462158203,"Minahassa Peninsula, Sulawesi",BMKG
251,bmg2024gutl,"2024-04-06T17:45:05,889418Z",1.35014522075653,126.36343383789,3.2528951423079,M,10,24,101.035926818847,Northern Molucca Sea,BMKG
252,bmg2024gutk,"2024-04-06T17:44:08,489058Z",0.943567991256713,120.416885375976,3.18108525476996,M,10,29,145.276695251464,"Minahassa Peninsula, Sulawesi",BMKG
253,bmg2024gusy,"2024-04-06T17:29:53,462408Z",1.39333832263946,126.376678466796,3.48176213758582,M,10,24,103.20750427246,Northern Molucca Sea,BMKG
254,bmg2024gtwh,"2024-04-06T06:03:13,2254Z",-0.204426780343055,123.748184204101,3.96679199842948,M,48,40,59.1064052581787,"Minahassa Peninsula, Sulawesi",BMKG
255,bmg2024gtqb,"2024-04-06T02:55:08,234596Z",1.8010960817337,126.38720703125,3.89247371564149,M,10,39,70.834798336029,Northern Molucca Sea,BMKG
256,bmg2024gton,"2024-04-06T02:08:23,431363Z",-3.31150078773498,123.357528686523,3.96079551508932,M,10,45,96.5950241088867,"Sulawesi, Indonesia",BMKG
257,bmg2024gtln,"2024-04-06T00:37:28,839311Z",-0.162593334913253,124.573341369628,4.18773580349896,M,10,42,39.5807876586914,Southern Molucca Sea,BMKG
258,bmg2024gtez,"2024-04-05T21:19:13,535179Z",0.369810253381729,125.403060913085,4.06009576254638,M,25,17,71.6812057495117,Northern Molucca Sea,BMKG
259,bmg2024gtet,"2024-04-05T21:11:26,768049Z",-1.27529859542846,120.619728088378,2.29787845127423,M,10,9,163.985961914062,"Sulawesi, Indonesia",BMKG
260,bmg2024gsyw,"2024-04-05T18:14:05,660521Z",-6.39619588851928,128.780792236328,3.89682739675121,M,254,12,110.870529174804,Banda Sea,BMKG
261,bmg2024gsxu,"2024-04-05T17:40:45,868119Z",-0.135256543755531,122.949996948242,3.5673515912936,M,89,22,97.68310546875,"Minahassa Peninsula, Sulawesi",BMKG
262,bmg2024gsww,"2024-04-05T17:12:24,827964Z",-3.05614900588989,123.355903625488,3.66767639881088,M,10,19,116.370445251464,"Sulawesi, Indonesia",BMKG
263,bmg2024gsvh,"2024-04-05T16:25:26,673088Z",-1.22894513607025,120.609565734863,2.14568956917459,M,11,14,105.712120056152,"Sulawesi, Indonesia",BMKG
264,bmg2024gsun,"2024-04-05T16:01:55,590093Z",1.17807340621948,120.311645507812,3.40731791534078,M,10,22,126.196975708007,"Minahassa Peninsula, Sulawesi",BMKG
265,bmg2024gsfg,"2024-04-05T08:18:46,338767Z",3.42515182495117,125.827606201171,3.97881608459548,M,142,26,75.8753662109375,"Talaud Islands, Indonesia",BMKG
266,bmg2024grtf,"2024-04-05T02:13:41,678624Z",2.32465362548828,126.884620666503,3.99328576245153,M,11,31,102.440719604492,Northern Molucca Sea,BMKG
267,bmg2024grdx,"2024-04-04T18:29:27,510772Z",1.45074892044067,126.33031463623,4.46336007919233,M,10,85,61.4773073196411,Northern Molucca Sea,BMKG
268,bmg2024gqgz,"2024-04-04T06:55:40,110824Z",-0.0785734429955482,123.163116455078,2.98081445550954,M,141,26,84.4947662353515,"Minahassa Peninsula, Sulawesi",BMKG
269,bmg2024gqgm,"2024-04-04T06:39:53,622931Z",-0.0391786769032478,123.350273132324,4.73024241793185,Mw(mB),125,158,56.5714378356933,"Minahassa Peninsula, Sulawesi",BMKG
270,bmg2024gpks,"2024-04-03T19:39:51,572544Z",-3.35268521308898,123.392669677734,3.94594458932095,M,12,45,142.651889801025,"Sulawesi, Indonesia",BMKG
271,bmg2024gpcz,"2024-04-03T15:45:12,666442Z",-7.17174386978149,129.613464355468,4.27571383366904,M,147,17,79.6647644042968,Banda Sea,BMKG
272,bmg2024gpby,"2024-04-03T15:13:48,135509Z",-3.31043672561645,123.474723815917,3.27482055921109,M,21,29,176.906994581222,"Sulawesi, Indonesia",BMKG
273,bmg2024govl,"2024-04-03T11:57:38,857572Z",-3.29277896881103,123.409591674804,3.35064144078382,M,30,19,154.508956909179,"Sulawesi, Indonesia",BMKG
274,bmg2024goli,"2024-04-03T06:50:46,131413Z",-3.05761861801147,123.376525878906,3.67354498693995,M,10,26,170.278255462646,"Sulawesi, Indonesia",BMKG
275,bmg2024gogg,"2024-04-03T04:16:42,045242Z",-0.540325343608856,121.914443969726,3.11433378891492,M,12,39,72.3239135742187,"Minahassa Peninsula, Sulawesi",BMKG
276,bmg2024goeb,"2024-04-03T03:09:50,294126Z",1.42536044120788,126.436462402343,3.51955171159172,M,10,25,108.27798461914,Northern Molucca Sea,BMKG
277,bmg2024gnrf,"2024-04-02T20:40:56,570984Z",-3.37638998031616,123.396270751953,3.85301435921363,M,10,74,100.250007629394,"Sulawesi, Indonesia",BMKG
278,bmg2024gnkv,"2024-04-02T17:27:29,973498Z",-0.054323736578226,122.03904724121,2.52807600979532,M,249,21,74.5821685791015,"Minahassa Peninsula, Sulawesi",BMKG
279,bmg2024gnkc,"2024-04-02T17:05:24,933486Z",-2.92894530296325,127.840858459472,2.94999074012452,M,10,12,135.633209228515,Ceram Sea,BMKG
280,bmg2024gnjq,"2024-04-02T16:50:59,663059Z",-3.31147933006286,124.183868408203,3.56189590139426,M,45,24,158.06456375122,Ceram Sea,BMKG
281,bmg2024gnin,"2024-04-02T16:17:12,79509Z",-3.31228899955749,123.299903869628,5.05299432895908,mb,32,129,69.5330505371093,"Sulawesi, Indonesia",BMKG
282,bmg2024gnij,"2024-04-02T16:12:09,764457Z",-3.36397433280944,123.407157897949,3.56073844365806,M,30,36,143.668067932128,"Sulawesi, Indonesia",BMKG
283,bmg2024gnhu,"2024-04-02T15:55:33,678379Z",-3.29005813598632,123.299621582031,5.26648181706998,mb,10,145,37.9156875610351,"Sulawesi, Indonesia",BMKG
284,bmg2024gnbl,"2024-04-02T12:43:04,67559Z",0.41205483675003,122.021614074707,3.72713870241388,M,113,76,82.404239654541,"Minahassa Peninsula, Sulawesi",BMKG
285,bmg2024gnar,"2024-04-02T12:19:26,100072Z",0.808355033397674,124.429649353027,4.31313212315283,M,157,74,53.4581642150878,"Minahassa Peninsula, Sulawesi",BMKG
286,bmg2024gmsd,"2024-04-02T08:00:12,363999Z",-3.30884432792663,123.388786315917,3.92916662762538,M,29,57,111.674087524414,"Sulawesi, Indonesia",BMKG
287,bmg2024gmqw,"2024-04-02T07:21:52,566868Z",-5.46622562408447,122.976119995117,2.93494086242935,M,13,13,196.307739257812,"Sulawesi, Indonesia",BMKG
288,bmg2024gmid,"2024-04-02T02:57:01,466291Z",-1.08031153678894,120.699951171875,3.06619085877532,M,10,41,60.1414849758148,"Sulawesi, Indonesia",BMKG
289,bmg2024glzr,"2024-04-01T22:40:46,883561Z",0.911867022514343,124.080818176269,3.65295331851828,M,240,26,141.677837371826,"Minahassa Peninsula, Sulawesi",BMKG
290,bmg2024glnv,"2024-04-01T16:42:12,497912Z",-0.074987344443798,125.315361022949,3.56431687939768,M,13,37,64.8552169799804,Southern Molucca Sea,BMKG
291,bmg2024glmc,"2024-04-01T15:49:46,580908Z",-2.62406349182128,121.737388610839,2.7630262473026,M,10,29,65.8524780273437,"Sulawesi, Indonesia",BMKG
292,bmg2024glfz,"2024-04-01T12:43:23,795839Z",-3.44029378890991,120.3247756958,3.08459770896608,M,10,51,54.9931983947753,"Sulawesi, Indonesia",BMKG
293,bmg2024gldb,"2024-04-01T11:14:53,526143Z",4.07915639877319,128.337432861328,4.16019910317591,M,14,19,255.591033935546,"North of Halmahera, Indonesia",BMKG
294,bmg2024glcw,"2024-04-01T11:09:01,756269Z",-0.221772417426109,123.710250854492,3.28922367102786,M,54,27,87.8377609252929,"Minahassa Peninsula, Sulawesi",BMKG
295,bmg2024katt,"2024-05-22T17:20:09,20735Z",4.61454153060913,126.284934997558,4.26879116984952,M,60,49,219.103713989257,"Talaud Islands, Indonesia",BMKG
296,bmg2024katb,"2024-05-22T16:58:46,898943Z",-0.175770089030265,123.47361755371,4.52361410797848,MLv,89,126,57.940258026123,"Minahassa Peninsula, Sulawesi",BMKG
297,bmg2024kalr,"2024-05-22T13:15:13,904916Z",1.75959575176239,128.921981811523,3.29118185032131,M,10,18,183.236740112304,"Halmahera, Indonesia",BMKG
298,bmg2024kalq,"2024-05-22T13:14:19,581138Z",-0.143948331475257,122.88761138916,3.17547224250462,M,109,29,91.3014984130859,"Minahassa Peninsula, Sulawesi",BMKG
299,bmg2024kabd,"2024-05-22T07:56:01,996564Z",0.279735028743743,121.725608825683,3.91694201203061,M,195,52,91.06591796875,"Minahassa Peninsula, Sulawesi",BMKG
300,bmg2024jzwy,"2024-05-22T05:49:14,147367Z",0.0497599281370639,123.741256713867,5.05581026317455,Mw(mB),130,211,41.8556213378906,"Minahassa Peninsula, Sulawesi",BMKG
301,bmg2024jzcb,"2024-05-21T19:16:02,104172Z",-0.127397343516349,125.18383026123,3.379431770613,M,8,17,147.710845947265,Southern Molucca Sea,BMKG
302,bmg2024jzbf,"2024-05-21T18:50:08,042479Z",-1.35744822025299,120.001029968261,2.6724780569451,M,4,21,65.1001434326171,"Sulawesi, Indonesia",BMKG
303,bmg2024jyyx,"2024-05-21T17:40:23,884147Z",1.40763163566589,120.714294433593,3.07330754197349,M,6,25,141.534202575683,"Minahassa Peninsula, Sulawesi",BMKG
304,bmg2024jyvp,"2024-05-21T16:00:13,619782Z",0.516750574111938,121.594062805175,2.6974340028678,M,69,20,112.693901062011,"Minahassa Peninsula, Sulawesi",BMKG
305,bmg2024jyaj,"2024-05-21T05:16:45,534922Z",0.815511107444763,121.936782836914,4.42420247763645,M,42,32,135.274826049804,"Minahassa Peninsula, Sulawesi",BMKG
306,bmg2024jxle,"2024-05-20T21:35:45,709403Z",-0.704361617565155,123.089096069335,3.42959595212229,M,8,16,79.1934356689453,"Minahassa Peninsula, Sulawesi",BMKG
307,bmg2024jxdu,"2024-05-20T17:52:25,73597Z",-3.2442512512207,123.403297424316,3.77650978300319,M,32,28,122.971633911132,"Sulawesi, Indonesia",BMKG
308,bmg2024jxdd,"2024-05-20T17:32:16,319951Z",-3.33543825149536,123.448600769042,3.77645752674582,M,30,37,195.808903694152,"Sulawesi, Indonesia",BMKG
309,bmg2024jxbg,"2024-05-20T16:34:22,953583Z",4.54382467269897,126.93894958496,4.40770042515166,M,78,38,128.219450831413,"Talaud Islands, Indonesia",BMKG
310,bmg2024jwzr,"2024-05-20T15:46:34,256558Z",-2.6656174659729,129.712478637695,3.35532977154825,M,12,14,87.101318359375,"Seram, Indonesia",BMKG
311,bmg2024jwzl,"2024-05-20T15:39:51,478411Z",-2.38691687583923,121.154258728027,2.60989558505133,M,6,12,111.666296005249,"Sulawesi, Indonesia",BMKG
312,bmg2024jwyu,"2024-05-20T15:20:47,704659Z",-0.180505484342575,123.376480102539,3.74087594497603,M,116,38,71.6445045471191,"Minahassa Peninsula, Sulawesi",BMKG
313,bmg2024jwvc,"2024-05-20T13:27:55,110069Z",-3.27576065063476,123.407501220703,3.94444240239088,M,32,44,128.888092041015,"Sulawesi, Indonesia",BMKG
314,bmg2024jwuw,"2024-05-20T13:21:27,265231Z",2.35584282875061,126.804817199707,3.44846842467005,M,20,13,125.286979675292,Northern Molucca Sea,BMKG
315,bmg2024jwps,"2024-05-20T10:45:12,823814Z",1.10478913784027,126.387512207031,3.82839295099454,M,27,27,74.1740989685058,Northern Molucca Sea,BMKG
316,bmg2024jvtt,"2024-05-19T23:39:45,620852Z",-0.0360108278691768,126.232925415039,4.23719164465464,M,202,24,130.169639587402,Southern Molucca Sea,BMKG
317,bmg2024jvro,"2024-05-19T22:32:23,9911Z",-5.65568733215332,130.253448486328,4.62918444988049,M,171,41,96.8468017578125,Banda Sea,BMKG
318,bmg2024jvqv,"2024-05-19T22:11:02,120091Z",0.265244275331497,121.764663696289,2.88696900070064,M,185,48,89.3623504638671,"Minahassa Peninsula, Sulawesi",BMKG
319,bmg2024jvgm,"2024-05-19T16:57:27,618715Z",2.2362368106842,128.605926513671,4.54810666134691,M,15,71,175.075592041015,"Halmahera, Indonesia",BMKG
320,bmg2024jtrx,"2024-05-18T20:26:59,035303Z",-2.4222514629364,121.639213562011,3.04506359158772,M,10,34,78.0204010009765,"Sulawesi, Indonesia",BMKG
321,bmg2024jsfa,"2024-05-18T00:48:54,821238Z",-6.35357427597045,120.292503356933,3.3717764885047,M,10,65,88.1555976867675,Flores Sea,BMKG
322,bmg2024jrml,"2024-05-17T15:25:05,064262Z",-0.487554013729095,130.658020019531,4.11590643217787,M,10,50,79.9144744873046,"West Papua Region, Indonesia",BMKG
323,bmg2024jrlx,"2024-05-17T15:08:46,510173Z",-0.309272944927215,123.005126953125,4.28266252597817,M,57,102,33.3627181053161,"Minahassa Peninsula, Sulawesi",BMKG
324,bmg2024jrka,"2024-05-17T14:12:16,347097Z",4.30103397369384,126.167602539062,4.1360692087322,M,67,36,192.684020996093,"Talaud Islands, Indonesia",BMKG
325,bmg2024jqxo,"2024-05-17T07:54:15,350607Z",-2.35733485221862,121.042366027832,2.45878944835911,MLv,10,5,162.248970031738,"Sulawesi, Indonesia",BMKG
326,bmg2024jqse,"2024-05-17T05:11:12,423694Z",1.48700010776519,126.269714355468,3.11861837003749,M,36,12,107.132189750671,Northern Molucca Sea,BMKG
327,bmg2024jqnd,"2024-05-17T02:37:52,421576Z",1.1400761604309,120.339225769042,3.7047570461098,M,5,18,244.745277404785,"Minahassa Peninsula, Sulawesi",BMKG
328,bmg2024jqlx,"2024-05-17T02:00:25,013296Z",-0.999998211860656,120.18276977539,3.30080459053579,M,10,39,45.3429107666015,"Minahassa Peninsula, Sulawesi",BMKG
329,bmg2024jqkr,"2024-05-17T01:23:34,959052Z",3.29434752464294,126.134559631347,3.93776192723622,M,44,30,79.9337196350097,"Talaud Islands, Indonesia",BMKG
330,bmg2024jqcx,"2024-05-16T21:27:58,091325Z",-3.27931237220764,131.074768066406,3.36129390744469,M,20,18,141.833274841308,"West Papua Region, Indonesia",BMKG
331,bmg2024jqcp,"2024-05-16T21:18:23,023795Z",-6.24630975723266,130.07681274414,3.77850554328573,M,90,21,212.405548095703,Banda Sea,BMKG
332,bmg2024jqci,"2024-05-16T21:10:15,123369Z",1.67798328399658,127.72688293457,2.61974044145881,M,10,10,181.283374786376,"Halmahera, Indonesia",BMKG
333,bmg2024jqab,"2024-05-16T20:01:35,283501Z",-3.88740587234497,127.547248840332,4.27326056307027,M,180,31,193.854759216308,"Seram, Indonesia",BMKG
334,bmg2024jpqp,"2024-05-16T15:14:43,597024Z",-2.51079225540161,121.226501464843,2.79326132100167,M,10,37,39.5678558349609,"Sulawesi, Indonesia",BMKG
335,bmg2024jplx,"2024-05-16T12:52:40,904347Z",-4.20399570465087,122.373420715332,2.21720749809693,M,21,9,191.298934936523,"Sulawesi, Indonesia",BMKG
336,bmg2024jozw,"2024-05-16T06:47:13,933562Z",-2.83030676841735,130.396026611328,3.44161837891142,M,13,22,81.2784881591796,"Seram, Indonesia",BMKG
337,bmg2024jozh,"2024-05-16T06:29:39,261909Z",-2.82566308975219,122.175010681152,3.29362929612475,M,5,39,124.081825256347,"Sulawesi, Indonesia",BMKG
338,bmg2024jova,"2024-05-16T04:20:42,298608Z",-0.608952701091766,123.329147338867,3.84716479735942,M,10,37,131.153297424316,"Minahassa Peninsula, Sulawesi",BMKG
339,bmg2024jojc,"2024-05-15T22:19:36,459602Z",-0.253636956214904,123.33935546875,3.88886860651021,M,116,57,56.70601272583,"Minahassa Peninsula, Sulawesi",BMKG
340,bmg2024jobv,"2024-05-15T18:39:29,626927Z",-5.29685401916503,120.596481323242,2.07395357773775,M,12,17,118.652870178222,"Sulawesi, Indonesia",BMKG
341,bmg2024jnzx,"2024-05-15T17:40:28,498186Z",-2.95213747024536,119.409156799316,2.71955938279421,M,10,33,67.3868927955627,"Sulawesi, Indonesia",BMKG
342,bmg2024jnsn,"2024-05-15T13:56:57,17384Z",1.16797804832458,122.517890930175,3.08347496513473,M,20,19,203.792747497558,"Minahassa Peninsula, Sulawesi",BMKG
343,bmg2024jnpr,"2024-05-15T12:30:45,582953Z",1.58576476573944,126.461921691894,4.04776003995392,M,27,49,66.4951314926147,Northern Molucca Sea,BMKG
344,bmg2024jnnq,"2024-05-15T11:28:58,753683Z",-2.47481727600097,121.22654724121,3.03530021722309,M,10,42,45.1326942443847,"Sulawesi, Indonesia",BMKG
345,bmg2024jnjd,"2024-05-15T09:11:52,867032Z",-2.93080306053161,119.359924316406,3.199450493278,M,10,49,65.0750436782836,"Sulawesi, Indonesia",BMKG
346,bmg2024jngb,"2024-05-15T07:38:45,085474Z",-2.95472645759582,119.383476257324,2.7550248704109,M,10,36,66.7668266296386,"Sulawesi, Indonesia",BMKG
347,bmg2024jnfv,"2024-05-15T07:32:18,904336Z",-2.9032084941864,119.417381286621,2.94626933174503,M,10,23,67.4353684931993,"Sulawesi, Indonesia",BMKG
348,bmg2024jmuk,"2024-05-15T01:45:23,371756Z",0.755010485649108,120.484367370605,3.03601862108147,M,2,20,165.316635131835,"Minahassa Peninsula, Sulawesi",BMKG
349,bmg2024jmiq,"2024-05-14T19:48:50,41793Z",-0.377639144659042,124.132766723632,2.86750246800559,M,44,21,101.501739501953,Southern Molucca Sea,BMKG
350,bmg2024jmfu,"2024-05-14T18:22:09,483038Z",-0.251641362905502,124.464958190917,3.79828966775322,M,25,45,39.8577156066894,Southern Molucca Sea,BMKG
351,bmg2024jlwn,"2024-05-14T13:41:31,706988Z",-2.56487417221069,121.891242980957,4.11655356509116,M,10,45,94.1641578674316,"Sulawesi, Indonesia",BMKG
352,bmg2024jlqn,"2024-05-14T10:39:45,116686Z",0.529182434082031,122.579559326171,2.39672216013113,M,55,13,126.081748962402,"Minahassa Peninsula, Sulawesi",BMKG
353,bmg2024jkzo,"2024-05-14T02:05:58,20514Z",-6.41653394699096,129.753005981445,4.58706227790458,MLv,159,18,151.723930358886,Banda Sea,BMKG
354,bmg2024jkzc,"2024-05-14T01:51:29,894142Z",-0.331671833992004,121.971473693847,4.09526984127761,M,5,63,41.9993057250976,"Minahassa Peninsula, Sulawesi",BMKG
355,bmg2024jjuo,"2024-05-13T10:26:30,701152Z",-3.12291431427001,130.969299316406,3.22998754067599,M,10,19,91.877212524414,"Seram, Indonesia",BMKG
356,bmg2024jjhu,"2024-05-13T03:58:40,359593Z",-3.06313323974609,130.749374389648,3.66921755626356,M,10,24,108.677665710449,"Seram, Indonesia",BMKG
357,bmg2024jjav,"2024-05-13T00:28:14,169719Z",1.00067794322967,123.873847961425,5.08306336088899,Mw(mB),274,228,43.1961364746093,"Minahassa Peninsula, Sulawesi",BMKG
358,bmg2024jinv,"2024-05-12T17:54:05,243894Z",-2.267263174057,120.940322875976,2.4670220776611,M,10,30,70.8592529296875,"Sulawesi, Indonesia",BMKG
359,bmg2024jiee,"2024-05-12T13:00:37,438757Z",-3.20793604850769,131.070434570312,3.49969322841298,M,23,18,121.858894348144,"West Papua Region, Indonesia",BMKG
360,bmg2024jhxh,"2024-05-12T09:33:00,767087Z",-2.86174702644348,127.625785827636,3.40372402849505,M,15,15,147.104553222656,Ceram Sea,BMKG
361,bmg2024jgpk,"2024-05-11T16:25:30,549508Z",1.94693553447723,121.480194091796,3.79996910502559,M,10,40,202.752738952636,"Minahassa Peninsula, Sulawesi",BMKG
362,bmg2024jgml,"2024-05-11T14:55:52,090226Z",1.95022630691528,126.966171264648,3.65948704203068,M,21,33,87.5530242919921,Northern Molucca Sea,BMKG
363,bmg2024jgfn,"2024-05-11T11:25:44,68582Z",-0.973403871059417,121.710311889648,2.97279508977338,M,10,27,59.2645416259765,"Minahassa Peninsula, Sulawesi",BMKG
364,bmg2024jgap,"2024-05-11T08:56:28,742946Z",-2.38796091079711,128.421203613281,4.03242026830247,M,15,28,80.7535095214843,Ceram Sea,BMKG
365,bmg2024jftq,"2024-05-11T05:25:35,934294Z",-3.13478732109069,130.931701660156,4.02503287390244,M,14,33,115.8150100708,"Seram, Indonesia",BMKG
366,bmg2024jfox,"2024-05-11T03:02:17,852981Z",1.09333455562591,126.731788635253,4.99895171473997,Mw(mB),48,116,65.4943618774414,Northern Molucca Sea,BMKG
367,bmg2024jfjd,"2024-05-11T00:06:29,440442Z",0.732997417449951,129.848526000976,3.46178748619068,M,10,19,196.027694702148,"Halmahera, Indonesia",BMKG
368,bmg2024jfdd,"2024-05-10T21:05:44,274958Z",0.853470683097839,129.202697753906,3.77174990590236,M,10,26,183.088134765625,"Halmahera, Indonesia",BMKG
369,bmg2024jerq,"2024-05-10T15:16:53,981513Z",1.61513137817382,127.121131896972,4.07693803030434,M,79,39,74.0637779235839,"Halmahera, Indonesia",BMKG
370,bmg2024jdzd,"2024-05-10T05:55:23,705394Z",0.993762254714965,121.804779052734,2.95334465549596,M,23,24,174.014709472656,"Minahassa Peninsula, Sulawesi",BMKG
371,bmg2024jdys,"2024-05-10T05:43:29,446764Z",-1.19960367679595,119.939704895019,2.3412014525205,M,10,24,52.2151660919189,"Sulawesi, Indonesia",BMKG
372,bmg2024jdyl,"2024-05-10T05:35:17,547824Z",-2.2963900566101,120.669479370117,2.7479924745039,M,10,23,68.3536224365234,"Sulawesi, Indonesia",BMKG
373,bmg2024jcxz,"2024-05-09T16:12:04,580125Z",0.329696595668792,122.216194152832,3.13958047154416,M,154,50,74.4131507873535,"Minahassa Peninsula, Sulawesi",BMKG
374,bmg2024jcvl,"2024-05-09T14:55:12,641883Z",-1.21551048755645,120.176300048828,1.87401339667797,M,11,18,77.6129341125488,"Sulawesi, Indonesia",BMKG
375,bmg2024jcsc,"2024-05-09T13:14:45,757237Z",-3.25439286231994,131.038482666015,4.0481986771525,M,22,36,46.4167251586914,"West Papua Region, Indonesia",BMKG
376,bmg2024jcqb,"2024-05-09T12:12:26,594784Z",-2.55257964134216,121.41194152832,3.44789346664409,M,10,58,81.8440933227539,"Sulawesi, Indonesia",BMKG
377,bmg2024jcgp,"2024-05-09T07:25:36,155732Z",-3.21349239349365,131.018005371093,3.58208927409377,M,20,30,45.7589035034179,"West Papua Region, Indonesia",BMKG
378,bmg2024jbxf,"2024-05-09T02:41:35,774837Z",0.338443636894226,122.037773132324,2.6680729691756,M,179,20,71.6873092651367,"Minahassa Peninsula, Sulawesi",BMKG
379,bmg2024jbnp,"2024-05-08T21:49:58,390208Z",-1.84792864322662,121.731819152832,3.32825334894182,M,10,30,77.4023132324218,"Sulawesi, Indonesia",BMKG
380,bmg2024janq,"2024-05-08T08:42:20,369989Z",-3.12378120422363,131.03125,3.76425056106782,M,15,26,134.812370300292,"West Papua Region, Indonesia",BMKG
381,bmg2024jakm,"2024-05-08T07:07:09,813752Z",-1.02025389671325,128.723281860351,3.87401548159636,M,12,29,75.1878204345703,"Halmahera, Indonesia",BMKG
382,bmg2024jacw,"2024-05-08T03:16:41,537473Z",1.50738096237182,123.063980102539,4.3137803286537,M,2,64,93.612247467041,"Minahassa Peninsula, Sulawesi",BMKG
383,bmg2024izvr,"2024-05-07T23:38:02,398009Z",1.71843373775482,126.400810241699,4.14625226906758,M,13,49,92.7676086425781,Northern Molucca Sea,BMKG
384,bmg2024izue,"2024-05-07T22:52:36,822658Z",-4.61131858825683,129.517868041992,3.48703660324393,M,201,23,140.252532958984,Banda Sea,BMKG
385,bmg2024izto,"2024-05-07T22:34:04,477313Z",-3.17853641510009,130.913604736328,3.37063043910195,M,10,23,72.9429626464843,"Seram, Indonesia",BMKG
386,bmg2024izio,"2024-05-07T17:00:36,1214Z",-3.16167211532592,130.935836791992,3.5060719785004,M,11,27,123.233963012695,"Seram, Indonesia",BMKG
387,bmg2024izdc,"2024-05-07T14:14:56,878239Z",-3.15928649902343,130.947921752929,3.3366451135395,M,14,19,72.7534942626953,"Seram, Indonesia",BMKG
388,bmg2024izab,"2024-05-07T12:43:17,98404Z",-1.29442381858825,120.487762451171,3.09130146044872,M,2,27,65.6311950683593,"Sulawesi, Indonesia",BMKG
389,bmg2024iyys,"2024-05-07T12:02:01,263956Z",-1.34781455993652,120.442085266113,2.68549101910208,M,6,13,69.1416225433349,"Sulawesi, Indonesia",BMKG
390,bmg2024iyvg,"2024-05-07T10:16:40,840694Z",-1.1710547208786,120.17283630371,3.23874786068663,M,3,31,38.7926635742187,"Sulawesi, Indonesia",BMKG
391,bmg2024iyvc,"2024-05-07T10:12:53,149228Z",1.08190870285034,121.742469787597,2.85954966363438,M,11,9,186.723945617675,"Minahassa Peninsula, Sulawesi",BMKG
392,bmg2024iytz,"2024-05-07T09:38:17,180481Z",-0.080514945089817,123.2099609375,2.8703893104542,M,120,15,181.098556518554,"Minahassa Peninsula, Sulawesi",BMKG
393,bmg2024iyrt,"2024-05-07T08:31:29,8795Z",-1.27989864349365,120.706916809082,2.96047081689377,M,5,22,60.18212890625,"Sulawesi, Indonesia",BMKG
394,bmg2024iypi,"2024-05-07T07:17:31,905912Z",0.864849686622619,122.680755615234,2.20416840825876,MLv,52,7,186.891174316406,"Minahassa Peninsula, Sulawesi",BMKG
395,bmg2024iycb,"2024-05-07T00:35:14,780619Z",0.388443231582641,122.126007080078,1.96323927424586,M,87,11,118.123435974121,"Minahassa Peninsula, Sulawesi",BMKG
396,bmg2024iyaa,"2024-05-06T23:33:41,579796Z",-1.02570474147796,120.42308807373,4.47558066849333,M,3,35,39.1054077148437,"Sulawesi, Indonesia",BMKG
397,bmg2024ixwx,"2024-05-06T21:59:06,19231Z",0.80970412492752,120.551956176757,3.47493626121405,M,2,18,163.146507263183,"Minahassa Peninsula, Sulawesi",BMKG
398,bmg2024ixvn,"2024-05-06T21:16:59,090478Z",1.61665058135986,122.381942749023,2.42430334083988,M,13,8,254.828811645507,"Minahassa Peninsula, Sulawesi",BMKG
399,bmg2024ixva,"2024-05-06T21:02:00,326009Z",0.871446430683136,126.067337036132,3.06500220434668,MLv,8,10,166.153594970703,Northern Molucca Sea,BMKG
400,bmg2024ixoy,"2024-05-06T17:57:24,61571Z",-1.25839018821716,120.592086791992,2.35437156017844,M,6,12,99.729248046875,"Sulawesi, Indonesia",BMKG
401,bmg2024ixhx,"2024-05-06T14:24:18,150707Z",-3.11238622665405,130.887176513671,3.43851479408278,M,5,17,130.414672851562,"Seram, Indonesia",BMKG
402,bmg2024iwwi,"2024-05-06T08:33:40,764516Z",-3.18339800834655,130.910278320312,3.75243488260001,M,18,24,73.0538482666015,"Seram, Indonesia",BMKG
403,bmg2024iwpq,"2024-05-06T05:10:56,099864Z",-3.1287989616394,131.010528564453,3.93501965653395,M,13,35,72.487564086914,"West Papua Region, Indonesia",BMKG
404,bmg2024iwpi,"2024-05-06T05:01:48,759565Z",-3.58085966110229,127.578742980957,4.33709036570422,M,11,35,146.766418457031,"Seram, Indonesia",BMKG
405,bmg2024iwpd,"2024-05-06T04:55:39,360576Z",-3.09107899665832,130.97932434082,2.95963920464336,M,14,15,179.42088317871,"Seram, Indonesia",BMKG
406,bmg2024iwmb,"2024-05-06T03:22:30,93654Z",-3.13281869888305,131.031005859375,3.14589675339644,M,14,17,183.451705932617,"West Papua Region, Indonesia",BMKG
407,bmg2024iwjk,"2024-05-06T02:02:02,125659Z",2.35590815544128,128.336227416992,3.84692844767477,M,214,20,203.482452392578,"Halmahera, Indonesia",BMKG
408,bmg2024iwjj,"2024-05-06T02:00:30,47803Z",-3.16901636123657,130.946304321289,3.14391806815105,M,19,14,134.11547088623,"Seram, Indonesia",BMKG
409,bmg2024iwja,"2024-05-06T01:50:21,2646Z",-3.19175910949707,130.962051391601,3.30121469874355,M,18,16,182.568450927734,"Seram, Indonesia",BMKG
410,bmg2024iwiw,"2024-05-06T01:45:31,5805Z",-6.09261846542358,130.286590576171,3.97220648927139,M,105,23,114.437362670898,Banda Sea,BMKG
411,bmg2024iwhm,"2024-05-06T01:03:56,139597Z",-3.23534703254699,130.9658203125,4.53009812932617,M,24,47,75.3802795410156,"Seram, Indonesia",BMKG
412,bmg2024iwev,"2024-05-05T23:43:13,015988Z",-3.15280747413635,130.941162109375,3.65881407120683,M,24,18,133.385391235351,"Seram, Indonesia",BMKG
413,bmg2024iwes,"2024-05-05T23:39:26,036077Z",-3.13444924354553,130.936126708984,3.37742796320042,M,28,18,115.902877807617,"Seram, Indonesia",BMKG
414,bmg2024iweb,"2024-05-05T23:19:50,661362Z",-3.102299451828,130.961364746093,3.30542785816802,M,14,26,71.1807861328125,"Seram, Indonesia",BMKG
415,bmg2024iwdj,"2024-05-05T22:58:51,014153Z",-3.20968890190124,131.032791137695,3.8549197574915,M,15,32,75.2347412109375,"West Papua Region, Indonesia",BMKG
416,bmg2024iwan,"2024-05-05T21:32:04,368489Z",-3.21219778060913,130.927429199218,3.26232340737349,M,25,19,190.103286743164,"Seram, Indonesia",BMKG
417,bmg2024ivzs,"2024-05-05T21:07:34,55073Z",-3.10160851478576,130.959869384765,2.92668053803744,M,10,15,187.147109985351,"Seram, Indonesia",BMKG
418,bmg2024ivzi,"2024-05-05T20:56:53,229012Z",-3.16549968719482,130.91763305664,3.48058824890293,M,10,17,116.710578918457,"Seram, Indonesia",BMKG
419,bmg2024ivzd,"2024-05-05T20:50:35,123877Z",-3.12264156341552,130.92430114746,3.36291072192037,M,13,17,178.504295349121,"Seram, Indonesia",BMKG
420,bmg2024ivys,"2024-05-05T20:37:13,583671Z",-3.26362633705139,130.900344848632,5.60597965050847,Mw(mB),16,167,33.7462158203125,"Seram, Indonesia",BMKG
421,bmg2024ivyb,"2024-05-05T20:18:22,082171Z",-0.0556246973574161,119.59122467041,2.52891434859247,M,14,17,216.3579788208,"Minahassa Peninsula, Sulawesi",BMKG
422,bmg2024ivxi,"2024-05-05T19:55:25,790349Z",-3.2296073436737,130.964691162109,3.23065295777897,M,30,17,120.446243286132,"Seram, Indonesia",BMKG
423,bmg2024ivxe,"2024-05-05T19:51:06,101154Z",-3.18482828140258,130.904693603515,2.97212811465203,M,32,11,137.833572387695,"Seram, Indonesia",BMKG
424,bmg2024ivwy,"2024-05-05T19:44:34,716871Z",0.664554357528686,120.47728729248,3.03785627963363,M,10,25,130.893272399902,"Minahassa Peninsula, Sulawesi",BMKG
425,bmg2024ivws,"2024-05-05T19:36:48,038145Z",-3.1718566417694,130.973999023437,3.84461057031604,M,10,33,73.4351196289062,"Seram, Indonesia",BMKG
426,bmg2024ivvw,"2024-05-05T19:10:58,988051Z",-3.18670201301574,130.951293945312,3.37683949826593,M,12,28,165.95979309082,"Seram, Indonesia",BMKG
427,bmg2024ivvp,"2024-05-05T19:03:30,314017Z",-3.18225383758544,130.928787231445,3.85787912089073,M,26,35,73.2445220947265,"Seram, Indonesia",BMKG
428,bmg2024ivvl,"2024-05-05T18:58:36,394265Z",-3.17585396766662,130.983154296875,3.84612658893713,M,23,29,73.658706665039,"Seram, Indonesia",BMKG
429,bmg2024ivvg,"2024-05-05T18:52:39,187571Z",-3.90379309654235,118.951255798339,2.91386291699766,M,17,16,210.67578125,"Sulawesi, Indonesia",BMKG
430,bmg2024ivup,"2024-05-05T18:33:12,181067Z",-3.20000028610229,130.98777770996,6.10326884738969,Mw(mB),15,150,33.6093292236328,"Seram, Indonesia",BMKG
431,bmg2024ivuc,"2024-05-05T18:17:57,322527Z",-6.17853021621704,130.392974853515,4.36712433794597,MLv,128,25,92.2081909179687,Banda Sea,BMKG
432,bmg2024ivts,"2024-05-05T18:05:36,661461Z",0.975006461143493,124.416458129882,3.51953349514158,M,228,30,145.863636016845,"Minahassa Peninsula, Sulawesi",BMKG
433,bmg2024ivok,"2024-05-05T15:24:51,787957Z",1.77902853488922,128.865600585937,3.65829229925329,M,12,23,178.793807983398,"Halmahera, Indonesia",BMKG
434,bmg2024ivlg,"2024-05-05T13:49:48,231009Z",0.292639046907424,122.2320022583,3.40859785042085,M,10,41,68.7603607177734,"Minahassa Peninsula, Sulawesi",BMKG
435,bmg2024ivez,"2024-05-05T10:39:57,192197Z",-3.04462170600891,130.772476196289,4.63255949123326,M,44,114,37.2186737060546,"Seram, Indonesia",BMKG
436,bmg2024ivdr,"2024-05-05T09:59:52,123088Z",0.527741134166717,122.194602966308,3.09402947219775,M,72,30,88.1483573913574,"Minahassa Peninsula, Sulawesi",BMKG
437,bmg2024iunr,"2024-05-05T01:55:27,163257Z",-2.93857502937316,119.406860351562,2.46678142961463,M,10,18,68.6295275688171,"Sulawesi, Indonesia",BMKG
438,bmg2024iums,"2024-05-05T01:25:57,934529Z",-2.94848179817199,119.393821716308,2.73180277423032,M,10,23,67.350938796997,"Sulawesi, Indonesia",BMKG
439,bmg2024iufj,"2024-05-04T21:43:22,515982Z",-0.278982549905777,122.95841217041,3.13305017798669,M,71,30,93.8301010131836,"Minahassa Peninsula, Sulawesi",BMKG
440,bmg2024iuec,"2024-05-04T21:05:09,31451Z",-0.22468876838684,124.48583984375,3.33142918607206,M,13,33,73.7552032470703,Southern Molucca Sea,BMKG
441,bmg2024itzp,"2024-05-04T18:48:07,115143Z",2.51060938835144,126.365921020507,4.09836605944704,M,33,48,121.024429321289,Northern Molucca Sea,BMKG
442,bmg2024ityt,"2024-05-04T18:22:09,594228Z",0.328003883361816,125.236526489257,3.1393051767013,M,14,19,177.285789489746,Northern Molucca Sea,BMKG
443,bmg2024ityg,"2024-05-04T18:07:27,249671Z",-3.49356365203857,128.670471191406,2.2943254380802,MLv,11,11,170.698188781738,"Seram, Indonesia",BMKG
444,bmg2024itxu,"2024-05-04T17:53:26,691856Z",-1.93609404563903,119.302871704101,2.48844767318527,M,10,31,167.300833702087,"Sulawesi, Indonesia",BMKG
445,bmg2024itsq,"2024-05-04T15:16:58,168428Z",0.667936265468597,123.440376281738,3.03751013675542,M,35,27,140.730590820312,"Minahassa Peninsula, Sulawesi",BMKG
446,bmg2024itir,"2024-05-04T10:14:48,469246Z",0.176051884889602,123.84194946289,3.78581879140572,M,202,59,78.2759094238281,"Minahassa Peninsula, Sulawesi",BMKG
447,bmg2024itim,"2024-05-04T10:09:22,077845Z",-0.279806673526763,122.930885314941,2.56746054356054,M,59,14,132.578025817871,"Minahassa Peninsula, Sulawesi",BMKG
448,bmg2024iteu,"2024-05-04T08:16:55,695405Z",0.156311601400375,123.6226272583,3.23651139933753,M,215,31,86.1162757873535,"Minahassa Peninsula, Sulawesi",BMKG
449,bmg2024irwv,"2024-05-03T15:08:17,494931Z",-1.2024757862091,120.598320007324,2.6816482670738,M,10,20,92.3600387573242,"Sulawesi, Indonesia",BMKG
450,bmg2024irsa,"2024-05-03T12:42:16,849293Z",-0.691935658454895,123.053794860839,3.60552781022627,M,10,36,66.9894218444824,"Minahassa Peninsula, Sulawesi",BMKG
451,bmg2024irru,"2024-05-03T12:35:00,468988Z",-0.669579207897186,123.121223449707,3.12747554698585,M,10,23,130.076332092285,"Minahassa Peninsula, Sulawesi",BMKG
452,bmg2024irrk,"2024-05-03T12:23:25,977961Z",-0.709841012954711,123.034187316894,3.11140679453044,M,10,18,113.508711099624,"Minahassa Peninsula, Sulawesi",BMKG
453,bmg2024irpv,"2024-05-03T11:35:27,154541Z",0.0373717695474624,127.269592285156,4.01929498357052,M,10,41,45.8853244781494,"Halmahera, Indonesia",BMKG
454,bmg2024irmi,"2024-05-03T09:48:59,981904Z",-4.06894731521606,122.603202819824,2.73446175043066,M,11,11,168.081436157226,"Sulawesi, Indonesia",BMKG
455,bmg2024irhe,"2024-05-03T07:13:54,971842Z",1.71996366977691,127.143341064453,3.93371291626973,M,63,34,78.9612350463867,"Halmahera, Indonesia",BMKG
456,bmg2024irgh,"2024-05-03T06:46:34,030831Z",-2.18701648712158,127.91153717041,3.81995855902683,M,11,24,104.736694335937,Ceram Sea,BMKG
457,bmg2024ircb,"2024-05-03T04:38:13,513317Z",-3.70106363296508,130.036560058593,3.80999849491652,M,58,26,118.344589233398,"Seram, Indonesia",BMKG
458,bmg2024iqzw,"2024-05-03T03:31:51,823557Z",-1.67960333824157,120.087272644042,3.14213670045015,M,10,51,75.950210571289,"Sulawesi, Indonesia",BMKG
459,bmg2024iqhl,"2024-05-02T18:13:34,236887Z",-4.92868185043335,129.843338012695,4.02601737226809,M,194,42,94.0910034179687,Banda Sea,BMKG
460,bmg2024iqbr,"2024-05-02T15:18:30,63149Z",0.579677939414978,122.151588439941,3.52764229798366,M,69,50,71.612398147583,"Minahassa Peninsula, Sulawesi",BMKG
461,bmg2024ipvc,"2024-05-02T11:59:08,21989Z",-2.70280885696411,126.782539367675,5.04310175312768,mb,24,188,30.97265625,Ceram Sea,BMKG
462,bmg2024iprs,"2024-05-02T10:17:03,109972Z",-1.1961520910263,120.149612426757,2.93023124422972,M,10,43,31.8746948242187,"Sulawesi, Indonesia",BMKG
463,bmg2024ipeq,"2024-05-02T03:40:35,473346Z",1.37912487983703,128.093017578125,4.56372743463474,M,92,66,102.080592155456,"Halmahera, Indonesia",BMKG
464,bmg2024ipcm,"2024-05-02T02:34:19,584057Z",-1.18628358840942,120.378372192382,2.83247343118131,M,10,35,53.0248641967773,"Sulawesi, Indonesia",BMKG
465,bmg2024iovy,"2024-05-01T23:16:01,611946Z",0.348575294017791,122.010330200195,2.64302943057702,M,167,26,57.8277416229248,"Minahassa Peninsula, Sulawesi",BMKG
466,bmg2024iopn,"2024-05-01T20:02:10,098374Z",0.377990812063217,122.202720642089,2.03790962649053,M,116,20,77.8687887191772,"Minahassa Peninsula, Sulawesi",BMKG
467,bmg2024iolw,"2024-05-01T18:11:20,585542Z",-0.174628108739852,122.974716186523,2.63290422605905,M,37,26,86.8193054199218,"Minahassa Peninsula, Sulawesi",BMKG
468,bmg2024iolt,"2024-05-01T18:07:33,590514Z",1.85033893585205,126.733673095703,2.8438725558611,M,16,19,133.818122863769,Northern Molucca Sea,BMKG
469,bmg2024iole,"2024-05-01T17:50:28,344484Z",1.42812013626098,126.310012817382,2.84353987010564,M,26,17,114.163253784179,Northern Molucca Sea,BMKG
470,bmg2024iolc,"2024-05-01T17:48:17,180803Z",-1.08568775653839,120.325019836425,2.64427350695547,M,10,46,34.328649520874,"Sulawesi, Indonesia",BMKG
471,bmg2024ioka,"2024-05-01T17:14:48,781625Z",0.963143646717071,127.8862991333,2.67728460091139,M,15,12,104.029069900512,"Halmahera, Indonesia",BMKG
472,bmg2024iojn,"2024-05-01T16:59:35,612123Z",-3.71925354003906,128.797058105468,2.48082186318476,M,10,9,147.140846252441,"Seram, Indonesia",BMKG
473,bmg2024iogk,"2024-05-01T15:25:41,937729Z",0.454461485147476,122.257202148437,2.61399453969888,M,95,37,77.6651878356933,"Minahassa Peninsula, Sulawesi",BMKG
474,bmg2024inqo,"2024-05-01T07:25:16,998039Z",0.226130113005638,124.205902099609,4.21313914025351,M,100,60,48.5673675537109,"Minahassa Peninsula, Sulawesi",BMKG
475,bmg2024inoy,"2024-05-01T06:35:52,433043Z",-1.71059596538543,120.091766357421,2.83704688587724,M,10,23,76.8596649169921,"Sulawesi, Indonesia",BMKG
476,bmg2024injv,"2024-05-01T04:00:52,007557Z",-5.94466781616211,130.647628784179,4.84679566953894,MLv,133,48,78.9017944335937,Banda Sea,BMKG
