MAPE,MSE,RMSE
"14.5963784687187","0.381628065293827","0.617760524227493"
"14.1030887502628","0.369309931387253","0.60770875539789"
"14.0206538893154","0.372590855586601","0.610402208045319"
"14.0900684531636","0.383103608490633","0.618953640017274"
"14.2291846716305","0.395486490591348","0.628877166536795"
"14.3865008697","0.407680610328458","0.638498715995935"
"14.5545727515467","0.419480659611489","0.647673266092935"
"14.7472336695217","0.43082883715977","0.656375530591878"
"14.9211550285959","0.441495829817458","0.664451525558831"
"15.0787605030015","0.451301965793874","0.671790120345539"
"15.2272131238398","0.460201549996162","0.678381566668908"
"15.362417124948","0.468244279240821","0.684283770990384"
"15.4775051119276","0.475521742894281","0.689580845800027"
"15.576417644843","0.482134148298877","0.694358803716693"
"15.6643345824696","0.488174771175629","0.69869504876994"
"15.7427359478565","0.493724229538617","0.702655128451089"
"15.8136182764197","0.498849463235944","0.706292760288497"
"15.8773729673222","0.503604804294929","0.709651184945765"
"15.9353450041428","0.508033850455225","0.712764933519618"
"15.9911527363091","0.51217150163902","0.715661583179522"
"16.0482981485462","0.516045850120773","0.718363313456898"
"16.1041133389994","0.519679794414852","0.720888198276856"
"16.1594711076135","0.523092344661864","0.723251232050014"
"16.2111708772306","0.526299637385483","0.725465117966042"
"16.2596995967223","0.529315699331657","0.727540857499877"
"16.3058066612619","0.532153006082536","0.729488180906679"
"16.348703252492","0.534822879133353","0.73131585456173"
"16.3886929262565","0.537335759759464","0.733031895458488"
"16.4261980170474","0.539701391703456","0.734643717528065"
"16.4611884288502","0.541928938579096","0.736158229308819"
"16.4938070611763","0.54402705634435","0.737581898059022"
"16.5249469914334","0.54600393637043","0.738920791675556"
"16.5540654773083","0.547867330550658","0.740180606710726"
"16.5813068949937","0.549624566535207","0.741366688309643"
"16.60691070164","0.551282558507059","0.742484045961298"
"16.6314583012772","0.552847816871722","0.743537367501945"
"16.6546927946809","0.554326458741351","0.744531032759112"
"16.6770026111523","0.555724220063043","0.745469127504985"
"16.69848115526","0.557046469577491","0.746355457927046"
"16.7187430833327","0.558298224407424","0.747193565555422"
"16.7378780021888","0.559484166885402","0.747986742452967"
"16.7570591184895","0.560608662170738","0.748738046429282"
"16.7757861857802","0.561675776224248","0.749450316047867"
"16.7937289995799","0.562689293769381","0.750126185231112"
"16.8107422744902","0.563652735943992","0.750768097313672"
"16.8268888355613","0.564569377422873","0.751378318440766"
"16.8422270034903","0.565442262858786","0.751958950248473"
"16.8568109024879","0.566274222545493","0.752511941795938"
"16.8706907488891","0.567067887249814","0.75303910074432"
"16.8839830763336","0.567825702191904","0.753542103795073"
"16.8967020111306","0.568549940175884","0.754022506412033"
"16.9088441426294","0.56924271388852","0.754481751859195"
"16.9204466588502","0.569905987393709","0.754921179590101"
"16.9319959669088","0.570541586856683","0.755342033026551"
"16.943484837656","0.571151210535261","0.755745466764612"
"16.9545050726901","0.571736438077019","0.756132553245143"
"16.9650842797745","0.572298739161643","0.756504288924817"
"16.9752481257101","0.572839481527268","0.75686159998197"
"16.9850204803646","0.57335993841873","0.757205347589893"
"16.9944235504702","0.573861295494429","0.757536332788355"
"17.0034780037718","0.574344657227103","0.757855300982386"
"17.012203084097","0.574811052832314","0.75816294609557"
"17.0206167179075","0.575261441756852","0.758459914403426"
"17.0287356128735","0.575696718757665","0.758746808070825"
"17.0365753489982","0.576117718600302","0.759024188415825"
"17.0441504627974","0.576525220404226","0.759292578920818"
"17.0514807457376","0.576919951660775","0.759552468010456"
"17.0586157503807","0.577302591947945","0.759804311614474"
"17.0655256567644","0.577673776364681","0.760048535532226"
"17.0722214065106","0.578034098705833","0.760285537614542"
"17.0787132418807","0.57838411439754","0.760515689777364"
"17.0850107567314","0.578724343211404","0.76073933986051"
"17.0911229434968","0.579055271774536","0.760956813343922"
"17.0970582365075","0.579377355891281","0.76116841493278"
"17.1028350163262","0.579691022691299","0.761374430021982"
"17.1084714043999","0.579996672617526","0.761575126049641"
"17.113953232302","0.580294681266542","0.76177075374849"
"17.1193037014777","0.58058540109288","0.761961548303377"
"17.1245608449277","0.580869162987911","0.762147730422331"
"17.1296802010076","0.581146277743112","0.762329507328106"
"17.1346672937118","0.581417037406723","0.762507073676515"
"17.1395273348434","0.581681716542085","0.762680612407373"
"17.1442652449857","0.5819405733953","0.762850295533337"
"17.1488856729045","0.582193850979201","0.763016284871562"
"17.1533930135079","0.582441778080094","0.763178732722613"
"17.1578085990546","0.582684570193177","0.763337782500759"
"17.162301332727","0.582922430392081","0.763493569319402"
"17.1666891221469","0.583155550137535","0.763646220535095"
"17.1709756113022","0.583384110029734","0.763795856253315"
"17.1751642568886","0.58360828050865","0.763942589798899"
"17.1792583400666","0.583828222506145","0.764086528153811"
"17.1832609773898","0.58404408805348","0.764227772364679"
"17.1871751309699","0.58425602084748","0.764366417922373"
"17.1910036179351","0.584464156778388","0.76450255511567"
"17.1947491192369","0.584668624422189","0.764636269360923"
"17.1984141878549","0.584869545499966","0.764767641509476"
"17.2020012564441","0.585067035306639","0.764896748134438"
"17.205512644467","0.585261203111283","0.765023661798302"
"17.2089505648483","0.585452152531018","0.765148451302764"
"17.2123171301875","0.585639981880321","0.765271181922017"
"17.2156143585627","0.585824784497495","0.76539191562068"
"17.2188441789528","0.586006649049846","0.765510711257423"
"17.222008436309","0.586185659819061","0.765627624775296"
"17.2251088962976","0.586361896968117","0.76574270937967"
"17.2281472497392","0.586535436790985","0.76585601570464"
"17.2311251167654","0.586706351946295","0.765967591968678"
"17.2340440507124","0.586874711676027","0.76607748412026"
"17.23690554177","0.587040582010233","0.766185735974139"
"17.2397110204029","0.587204025958719","0.766292389338899"
"17.24246186056","0.587365103690542","0.76639748413636"
"17.2451593826855","0.587523872702127","0.766501058513377"
"17.2478048565463","0.587680387974747","0.766603148946537"
"17.2503995038868","0.587834702122055","0.766703790340216"
"17.252944500923","0.587986865528316","0.766803016118427"
"17.2554409806877","0.588136926477945","0.766900858310867"
"17.2578900352341","0.588284931276893","0.766997347633545"
"17.2602927177097","0.588430924366425","0.767092513564319"
"17.2626500443068","0.588574948429761","0.767186384413697"
"17.2649629960995","0.588717044492043","0.767278987391185"
"17.2672325207722","0.588857252014044","0.767370348667476"
"17.2694595342484","0.58899560898003","0.767460493432743"
"17.271644922226","0.589132151980131","0.767549445951289"
"17.2737895416232","0.589266916287572","0.767637229612772"
"17.2758942219429","0.5893999359311","0.767723866980245"
"17.2779597665589","0.589531243762886","0.767809379835182"
"17.2799869539302","0.589660871522214","0.767893789219716"
"17.2819765387465","0.589788849895199","0.767977115476235"
"17.28392925301","0.589915208570804","0.76805937828452"
"17.2858458070571","0.590039976293368","0.768140596696574"
"17.2877268905236","0.590163180911884","0.768220789169288"
"17.289573173257","0.590284849426217","0.768299973595091"
"17.2913853061791","0.590405008030459","0.768378167330683"
"17.2931639221014","0.590523682153609","0.768455387224014"
"17.2952022499483","0.590640896497731","0.768531649639578"
"17.2972429126004","0.590756675073763","0.768606970482159"
"17.2992525998586","0.590871041235114","0.768681365219109"
"17.3012318617804","0.590984017709201","0.768754848901261"
"17.3031812337366","0.591095626627044","0.768827436182557"
"17.3051012369923","0.591205889551046","0.768899141338476"
"17.3069923792579","0.59131482750108","0.76896997828334"
"17.3088551552124","0.591422460978982","0.769039960586563"
"17.3106900470001","0.591528809991548","0.769109101487915"
"17.312497524703","0.591633894072145","0.769177413911865"
"17.3142780467892","0.59173773230101","0.769244910481058"
"17.3160320605399","0.59184034332433","0.76931160352898"
"17.3177600024556","0.591941745372172","0.769377505111875"
"17.3194622986422","0.592041956275347","0.76944262701994"
"17.3211393651789","0.592140993481267","0.769506980787872"
"17.3227916084694","0.592238874068869","0.76957057770478"
"17.3244194255752","0.592335614762659","0.769633428823527"
"17.3260232045348","0.592431231945933","0.769695544969524"
"17.3276033246673","0.592525741673231","0.769756936749018"
"17.3291601568623","0.592619159682079","0.769817614556902"
"17.3306940638572","0.592711501404047","0.769877588584086"
